,,,Bandar Kuota,,,,,,
,,,Saldo Stock,,,,,,
,,,,,,,,,,,,,
,Group,,,,,,,,,,,,,
,VOUCHER,,,,,,,,,,,,,
,Merk,Model,,,,,,,,,,
,VOUCER AXIS,< kosong >,,,,,,,,,,
Kode Item,Nama Item,ALFA 1 (C),ALFA 2 (C),ALFA 3 (C),ALFA 4 (C),ALFA 5 (C),ALFA 6 (C),ALFA 7 ,ASBER 1 (C),
001341,V. AXIS AIGO 22 GB 28HR/16 gb 28hr,3 PCS,3 PCS,3 PCS,3 PCS,4 PCS,2 PCS,2 PCS,2 PCS,
001342,V. AXIS AIGO 15 GB 1HR,5 PCS,5 PCS,6 PCS,2 PCS,7 PCS,6 PCS,5 PCS,6 PCS,
001347,V. AXIS AIGO 9 GB 28HR/7.5 gb 28hr,8 PCS,4 PCS,7 PCS,9 PCS,7 PCS,5 PCS,8 PCS,11 PCS,
001348,V. AXIS AIGO 14 GB 28HR/10 gb 28hr,2 PCS,1 PCS,1 PCS,0 PCS,1 PCS,2 PCS,3 PCS,2 PCS,
TOTAL,18.00,13.00,17.00,14.00,19.00,15.00,18.00,21.00,
Kode Item,Nama Item,ASBER 2 (C),BK CIJAMBE ,BK JH1 ,BK JH2 (C),BK5 CIGER ,BK6 ,BK7 ,BK8 BAKSAR ,
001341,V. AXIS AIGO 22 GB 28HR/16 gb 28hr,1 PCS,2 PCS,2 PCS,2 PCS,2 PCS,2 PCS,3 PCS,3 PCS,
001342,V. AXIS AIGO 15 GB 1HR,6 PCS,4 PCS,6 PCS,6 PCS,4 PCS,2 PCS,4 PCS,3 PCS,
001347,V. AXIS AIGO 9 GB 28HR/7.5 gb 28hr,6 PCS,9 PCS,5 PCS,5 PCS,6 PCS,6 PCS,5 PCS,8 PCS,
001348,V. AXIS AIGO 14 GB 28HR/10 gb 28hr,2 PCS,3 PCS,0 PCS,3 PCS,3 PCS,3 PCS,1 PCS,1 PCS,
TOTAL,15.00,18.00,13.00,16.00,15.00,13.00,13.00,15.00,
Kode Item,Nama Item,BK9 BAKSAR ,BKC ,BUNISARI ,CICUKANG ,CIHAURKUK,CIKADUT 2,CIPADUNG 2 ,CIPAGALO ,
001341,V. AXIS AIGO 22 GB 28HR/16 gb 28hr,2 PCS,2 PCS,3 PCS,2 PCS,2 PCS,2 PCS,3 PCS,3 PCS,
001342,V. AXIS AIGO 15 GB 1HR,2 PCS,4 PCS,5 PCS,3 PCS,1 PCS,2 PCS,2 PCS,2 PCS,
001347,V. AXIS AIGO 9 GB 28HR/7.5 gb 28hr,6 PCS,11 PCS,8 PCS,7 PCS,8 PCS,5 PCS,9 PCS,9 PCS,
001348,V. AXIS AIGO 14 GB 28HR/10 gb 28hr,0 PCS,2 PCS,2 PCS,2 PCS,0 PCS,2 PCS,0 PCS,2 PCS,
TOTAL,10.00,19.00,18.00,14.00,11.00,11.00,14.00,16.00,
,,,,,,Bee Accounting,,,,,,,,,
,13/08/2026,,,,,,,,,,
Kode Item,Nama Item,CIPOREAT,CISA (C),CK (C),CL 1 ,CL 2 ,CL 3 ,CL 4 ,DM (C),
001341,V. AXIS AIGO 22 GB 28HR/16 gb 28hr,2 PCS,3 PCS,3 PCS,2 PCS,2 PCS,2 PCS,2 PCS,2 PCS,
001342,V. AXIS AIGO 15 GB 1HR,1 PCS,5 PCS,6 PCS,2 PCS,4 PCS,2 PCS,2 PCS,1 PCS,
001347,V. AXIS AIGO 9 GB 28HR/7.5 gb 28hr,8 PCS,7 PCS,4 PCS,8 PCS,7 PCS,5 PCS,8 PCS,7 PCS,
001348,V. AXIS AIGO 14 GB 28HR/10 gb 28hr,1 PCS,2 PCS,1 PCS,1 PCS,2 PCS,2 PCS,2 PCS,1 PCS,
TOTAL,12.00,17.00,14.00,13.00,15.00,11.00,14.00,11.00,
Kode Item,Nama Item,Gudang,PC 3 (A),PC 4 (C),PC 5 (C),PD 1 (C),PD 2 (C),PD 3 (C),RK (C),
001341,V. AXIS AIGO 22 GB 28HR/16 gb 28hr,0 PCS,3 PCS,2 PCS,3 PCS,2 PCS,2 PCS,1 PCS,2 PCS,
001342,V. AXIS AIGO 15 GB 1HR,0 PCS,3 PCS,4 PCS,7 PCS,6 PCS,3 PCS,4 PCS,3 PCS,
001347,V. AXIS AIGO 9 GB 28HR/7.5 gb 28hr,0 PCS,9 PCS,7 PCS,3 PCS,7 PCS,4 PCS,4 PCS,11 PCS,
001348,V. AXIS AIGO 14 GB 28HR/10 gb 28hr,0 PCS,2 PCS,1 PCS,0 PCS,0 PCS,0 PCS,2 PCS,1 PCS,
TOTAL,0.00,17.00,14.00,13.00,15.00,9.00,11.00,17.00,
Kode Item,Nama Item,SA (C),SS (C),TOTAL,,,,,,,
001341,V. AXIS AIGO 22 GB 28HR/16 gb 28hr,2 PCS,0 PCS,93 PCS,,,,,,,
001342,V. AXIS AIGO 15 GB 1HR,6 PCS,3 PCS,160 PCS,,,,,,,
001347,V. AXIS AIGO 9 GB 28HR/7.5 gb 28hr,3 PCS,6 PCS,280 PCS,,,,,,,
001348,V. AXIS AIGO 14 GB 28HR/10 gb 28hr,2 PCS,0 PCS,58 PCS,,,,,,,
TOTAL,13.00,9.00,591.00,,,,,,,
,Merk,Model,,,,,,,,,
,VOUCER AXIS HARIAN,< kosong >,,,,,,,,,
Kode Item,Nama Item,ALFA 1 (C),ALFA 2 (C),ALFA 3 (C),ALFA 4 (C),ALFA 5 (C),ALFA 6 (C),ALFA 7 ,ASBER 1 (C),
001338,V. AXIS AIGO 5 GB 1HR/3gb 1hr,30 PCS,38 PCS,28 PCS,34 PCS,38 PCS,41 PCS,30 PCS,42 PCS,
001339,V. AXIS AIGO 5 GB 2HR,30 PCS,27 PCS,31 PCS,30 PCS,45 PCS,36 PCS,29 PCS,30 PCS,
001340,V. AXIS AIGO 3 GB 3HR/2 gb 3h,12 PCS,41 PCS,27 PCS,31 PCS,30 PCS,22 PCS,17 PCS,25 PCS,
001343,V. AXIS AIGO 5 GB 3HR/4.5 gb 3hr,23 PCS,27 PCS,17 PCS,27 PCS,33 PCS,24 PCS,13 PCS,29 PCS,
001345,V. AXIS AIGO 5 GB 5HR/4.5gb 5hr,5 PCS,8 PCS,10 PCS,8 PCS,7 PCS,7 PCS,4 PCS,11 PCS,
001346,V. AXIS AIGO 8 GB 14HR/6 gb 14hr,4 PCS,6 PCS,6 PCS,3 PCS,4 PCS,5 PCS,3 PCS,6 PCS,
001349,V. AXIS AIGO MINI( 4 GB 5H )/3.5gb 5h,42 PCS,43 PCS,35 PCS,54 PCS,58 PCS,36 PCS,15 PCS,43 PCS,
002253,V. AXIS AIGO 10 GB 7HR/7 gb 7hr,4 PCS,2 PCS,3 PCS,6 PCS,6 PCS,5 PCS,4 PCS,3 PCS,
,,,,,Bee Accounting,,,,,,,,
,13/08/2026,,,,,,,,
Kode Item,Nama Item,ALFA 1 (C),ALFA 2 (C),ALFA 3 (C),ALFA 4 (C),ALFA 5 (C),ALFA 6 (C),ALFA 7 ,ASBER 1 (C),
TOTAL,150.00,192.00,157.00,193.00,221.00,176.00,115.00,189.00,
Kode Item,Nama Item,ASBER 2 (C),BK CIJAMBE ,BK JH1 ,BK JH2 (C),BK5 CIGER ,BK6 ,BK7 ,BK8 BAKSAR ,
001338,V. AXIS AIGO 5 GB 1HR/3gb 1hr,29 PCS,32 PCS,40 PCS,37 PCS,23 PCS,16 PCS,32 PCS,35 PCS,
001339,V. AXIS AIGO 5 GB 2HR,30 PCS,19 PCS,31 PCS,32 PCS,28 PCS,35 PCS,43 PCS,24 PCS,
001340,V. AXIS AIGO 3 GB 3HR/2 gb 3h,26 PCS,26 PCS,13 PCS,30 PCS,22 PCS,18 PCS,28 PCS,18 PCS,
001343,V. AXIS AIGO 5 GB 3HR/4.5 gb 3hr,28 PCS,17 PCS,27 PCS,32 PCS,19 PCS,16 PCS,21 PCS,22 PCS,
001345,V. AXIS AIGO 5 GB 5HR/4.5gb 5hr,9 PCS,6 PCS,9 PCS,10 PCS,5 PCS,7 PCS,8 PCS,6 PCS,
001346,V. AXIS AIGO 8 GB 14HR/6 gb 14hr,4 PCS,2 PCS,4 PCS,3 PCS,4 PCS,3 PCS,5 PCS,1 PCS,
001349,V. AXIS AIGO MINI( 4 GB 5H )/3.5gb 5h,46 PCS,58 PCS,38 PCS,68 PCS,33 PCS,58 PCS,48 PCS,42 PCS,
002253,V. AXIS AIGO 10 GB 7HR/7 gb 7hr,6 PCS,2 PCS,3 PCS,3 PCS,4 PCS,0 PCS,2 PCS,3 PCS,
TOTAL,178.00,162.00,165.00,215.00,138.00,153.00,187.00,151.00,
Kode Item,Nama Item,BK9 BAKSAR ,BKC ,BUNISARI ,CICUKANG ,CIHAURKUK,CIKADUT 2,CIPADUNG 2 ,CIPAGALO ,
001338,V. AXIS AIGO 5 GB 1HR/3gb 1hr,29 PCS,30 PCS,49 PCS,25 PCS,19 PCS,15 PCS,31 PCS,27 PCS,
001339,V. AXIS AIGO 5 GB 2HR,13 PCS,37 PCS,30 PCS,20 PCS,23 PCS,7 PCS,23 PCS,23 PCS,
001340,V. AXIS AIGO 3 GB 3HR/2 gb 3h,17 PCS,36 PCS,33 PCS,23 PCS,12 PCS,19 PCS,23 PCS,16 PCS,
001343,V. AXIS AIGO 5 GB 3HR/4.5 gb 3hr,20 PCS,24 PCS,23 PCS,20 PCS,8 PCS,13 PCS,19 PCS,16 PCS,
001345,V. AXIS AIGO 5 GB 5HR/4.5gb 5hr,6 PCS,9 PCS,9 PCS,9 PCS,5 PCS,4 PCS,6 PCS,7 PCS,
001346,V. AXIS AIGO 8 GB 14HR/6 gb 14hr,1 PCS,3 PCS,5 PCS,3 PCS,2 PCS,2 PCS,3 PCS,2 PCS,
001349,V. AXIS AIGO MINI( 4 GB 5H )/3.5gb 5h,40 PCS,71 PCS,63 PCS,34 PCS,28 PCS,20 PCS,40 PCS,27 PCS,
002253,V. AXIS AIGO 10 GB 7HR/7 gb 7hr,2 PCS,3 PCS,3 PCS,3 PCS,1 PCS,0 PCS,1 PCS,4 PCS,
TOTAL,128.00,213.00,215.00,137.00,98.00,80.00,146.00,122.00,
Kode Item,Nama Item,CIPOREAT,CISA (C),CK (C),CL 1 ,CL 2 ,CL 3 ,CL 4 ,DM (C),
001338,V. AXIS AIGO 5 GB 1HR/3gb 1hr,18 PCS,44 PCS,25 PCS,21 PCS,23 PCS,16 PCS,25 PCS,79 PCS,
001339,V. AXIS AIGO 5 GB 2HR,20 PCS,40 PCS,31 PCS,26 PCS,17 PCS,20 PCS,26 PCS,32 PCS,
001340,V. AXIS AIGO 3 GB 3HR/2 gb 3h,17 PCS,4 PCS,20 PCS,15 PCS,19 PCS,21 PCS,18 PCS,34 PCS,
001343,V. AXIS AIGO 5 GB 3HR/4.5 gb 3hr,15 PCS,18 PCS,12 PCS,18 PCS,21 PCS,18 PCS,16 PCS,33 PCS,
001345,V. AXIS AIGO 5 GB 5HR/4.5gb 5hr,5 PCS,9 PCS,4 PCS,6 PCS,5 PCS,16 PCS,5 PCS,9 PCS,
001346,V. AXIS AIGO 8 GB 14HR/6 gb 14hr,3 PCS,3 PCS,4 PCS,4 PCS,5 PCS,4 PCS,5 PCS,3 PCS,
001349,V. AXIS AIGO MINI( 4 GB 5H )/3.5gb 5h,21 PCS,65 PCS,35 PCS,25 PCS,27 PCS,20 PCS,29 PCS,76 PCS,
002253,V. AXIS AIGO 10 GB 7HR/7 gb 7hr,1 PCS,5 PCS,3 PCS,4 PCS,4 PCS,2 PCS,3 PCS,3 PCS,
TOTAL,100.00,188.00,134.00,119.00,121.00,117.00,127.00,269.00,
,,,,Bee Accounting,,,,,,,,
,13/08/2026,,,,,,,
Kode Item,Nama Item,Gudang,PC 3 (A),PC 4 (C),PC 5 (C),PD 1 (C),PD 2 (C),PD 3 (C),RK (C),
001338,V. AXIS AIGO 5 GB 1HR/3gb 1hr,22 PCS,31 PCS,23 PCS,28 PCS,33 PCS,39 PCS,25 PCS,33 PCS,
001339,V. AXIS AIGO 5 GB 2HR,0 PCS,16 PCS,30 PCS,24 PCS,33 PCS,37 PCS,21 PCS,32 PCS,
001340,V. AXIS AIGO 3 GB 3HR/2 gb 3h,0 PCS,19 PCS,21 PCS,25 PCS,20 PCS,34 PCS,24 PCS,25 PCS,
001343,V. AXIS AIGO 5 GB 3HR/4.5 gb 3hr,0 PCS,20 PCS,19 PCS,13 PCS,17 PCS,25 PCS,7 PCS,25 PCS,
001345,V. AXIS AIGO 5 GB 5HR/4.5gb 5hr,0 PCS,5 PCS,8 PCS,10 PCS,5 PCS,10 PCS,6 PCS,12 PCS,
001346,V. AXIS AIGO 8 GB 14HR/6 gb 14hr,0 PCS,3 PCS,3 PCS,3 PCS,5 PCS,6 PCS,3 PCS,7 PCS,
001349,V. AXIS AIGO MINI( 4 GB 5H )/3.5gb 5h,0 PCS,67 PCS,50 PCS,63 PCS,37 PCS,71 PCS,48 PCS,15 PCS,
002253,V. AXIS AIGO 10 GB 7HR/7 gb 7hr,0 PCS,0 PCS,5 PCS,4 PCS,5 PCS,5 PCS,4 PCS,8 PCS,
TOTAL,22.00,161.00,159.00,170.00,155.00,227.00,138.00,157.00,
Kode Item,Nama Item,SA (C),SS (C),TOTAL,,,,,,,
001338,V. AXIS AIGO 5 GB 1HR/3gb 1hr,37 PCS,29 PCS,1301 PCS,,,,,,,
001339,V. AXIS AIGO 5 GB 2HR,21 PCS,20 PCS,1122 PCS,,,,,,,
001340,V. AXIS AIGO 3 GB 3HR/2 gb 3h,15 PCS,22 PCS,918 PCS,,,,,,,
001343,V. AXIS AIGO 5 GB 3HR/4.5 gb 3hr,23 PCS,19 PCS,837 PCS,,,,,,,
001345,V. AXIS AIGO 5 GB 5HR/4.5gb 5hr,14 PCS,9 PCS,313 PCS,,,,,,,
001346,V. AXIS AIGO 8 GB 14HR/6 gb 14hr,0 PCS,2 PCS,147 PCS,,,,,,,
001349,V. AXIS AIGO MINI( 4 GB 5H )/3.5gb 5h,41 PCS,40 PCS,1770 PCS,,,,,,,
002253,V. AXIS AIGO 10 GB 7HR/7 gb 7hr,5 PCS,5 PCS,139 PCS,,,,,,,
TOTAL,156.00,146.00,"6,547.00",,,,,,,
,Merk,Model,,,,,,,,,
,VOUCER BYU HARIAN,< kosong >,,,,,,,,,
Kode Item,Nama Item,ALFA 1 (C),ALFA 2 (C),ALFA 3 (C),ALFA 4 (C),ALFA 5 (C),ALFA 6 (C),ALFA 7 ,ASBER 1 (C),
001352,V. BYU 7.5 GB 7HR,0 PCS,0 PCS,0 PCS,0 PCS,0 PCS,0 PCS,0 PCS,0 PCS,
001380,V. BYU 8 GB 7HR (discontinue),2 PCS,0 PCS,0 PCS,2 PCS,0 PCS,0 PCS,0 PCS,0 PCS,
001390,V. BYU 9 GB 14HR,6 PCS,4 PCS,1 PCS,8 PCS,5 PCS,5 PCS,4 PCS,6 PCS,
001392,V. BYU 7 GB 28HR,13 PCS,12 PCS,10 PCS,13 PCS,14 PCS,10 PCS,8 PCS,8 PCS,
002436,V. BYU 6 GB 7HR,15 PCS,14 PCS,13 PCS,13 PCS,18 PCS,13 PCS,10 PCS,12 PCS,
002449,V. BYU 3 GB 1HR (discontinue),0 PCS,5 PCS,0 PCS,0 PCS,0 PCS,0 PCS,0 PCS,0 PCS,
002600,V. BYU 7.5 GB 5HR (discontinue),4 PCS,0 PCS,0 PCS,0 PCS,0 PCS,0 PCS,0 PCS,0 PCS,
TOTAL,40.00,35.00,24.00,36.00,37.00,28.00,22.00,26.00,
Kode Item,Nama Item,ASBER 2 (C),BK CIJAMBE ,BK JH1 ,BK JH2 (C),BK5 CIGER ,BK6 ,BK7 ,BK8 BAKSAR ,
001352,V. BYU 7.5 GB 7HR,0 PCS,0 PCS,0 PCS,0 PCS,0 PCS,1 PCS,0 PCS,0 PCS,
,,,,,Bee Accounting,,,,,,,,
,13/08/2026,,,,,,,,
Kode Item,Nama Item,ASBER 2 (C),BK CIJAMBE ,BK JH1 ,BK JH2 (C),BK5 CIGER ,BK6 ,BK7 ,BK8 BAKSAR ,
001380,V. BYU 8 GB 7HR (discontinue),0 PCS,2 PCS,0 PCS,0 PCS,0 PCS,2 PCS,0 PCS,0 PCS,
001390,V. BYU 9 GB 14HR,3 PCS,4 PCS,7 PCS,7 PCS,6 PCS,6 PCS,6 PCS,6 PCS,
001392,V. BYU 7 GB 28HR,10 PCS,7 PCS,12 PCS,9 PCS,6 PCS,6 PCS,5 PCS,6 PCS,
002436,V. BYU 6 GB 7HR,12 PCS,9 PCS,18 PCS,12 PCS,9 PCS,9 PCS,11 PCS,8 PCS,
002449,V. BYU 3 GB 1HR (discontinue),4 PCS,0 PCS,3 PCS,1 PCS,0 PCS,0 PCS,2 PCS,3 PCS,
002600,V. BYU 7.5 GB 5HR (discontinue),0 PCS,1 PCS,0 PCS,0 PCS,0 PCS,0 PCS,0 PCS,0 PCS,
TOTAL,29.00,23.00,40.00,29.00,21.00,24.00,24.00,23.00,
Kode Item,Nama Item,BK9 BAKSAR ,BKC ,BUNISARI ,CICUKANG ,CIHAURKUK,CIKADUT 2,CIPADUNG 2 ,CIPAGALO ,
001352,V. BYU 7.5 GB 7HR,0 PCS,1 PCS,0 PCS,0 PCS,3 PCS,2 PCS,0 PCS,0 PCS,
001380,V. BYU 8 GB 7HR (discontinue),0 PCS,0 PCS,0 PCS,1 PCS,2 PCS,0 PCS,1 PCS,2 PCS,
001390,V. BYU 9 GB 14HR,6 PCS,5 PCS,7 PCS,5 PCS,7 PCS,6 PCS,6 PCS,6 PCS,
001392,V. BYU 7 GB 28HR,5 PCS,8 PCS,9 PCS,4 PCS,6 PCS,5 PCS,8 PCS,6 PCS,
002436,V. BYU 6 GB 7HR,9 PCS,9 PCS,17 PCS,10 PCS,9 PCS,12 PCS,11 PCS,9 PCS,
002449,V. BYU 3 GB 1HR (discontinue),2 PCS,0 PCS,0 PCS,0 PCS,3 PCS,3 PCS,2 PCS,0 PCS,
002600,V. BYU 7.5 GB 5HR (discontinue),0 PCS,0 PCS,0 PCS,0 PCS,0 PCS,0 PCS,0 PCS,0 PCS,
TOTAL,22.00,23.00,33.00,20.00,30.00,28.00,28.00,23.00,
Kode Item,Nama Item,CIPOREAT,CISA (C),CK (C),CL 1 ,CL 2 ,CL 3 ,CL 4 ,DM (C),
001352,V. BYU 7.5 GB 7HR,1 PCS,0 PCS,0 PCS,0 PCS,1 PCS,0 PCS,,0 PCS,
001380,V. BYU 8 GB 7HR (discontinue),0 PCS,1 PCS,3 PCS,1 PCS,1 PCS,0 PCS,,0 PCS,
001390,V. BYU 9 GB 14HR,5 PCS,5 PCS,5 PCS,6 PCS,5 PCS,3 PCS,5 PCS,6 PCS,
001392,V. BYU 7 GB 28HR,5 PCS,11 PCS,9 PCS,5 PCS,6 PCS,7 PCS,6 PCS,11 PCS,
002436,V. BYU 6 GB 7HR,7 PCS,12 PCS,10 PCS,8 PCS,9 PCS,5 PCS,9 PCS,13 PCS,
002449,V. BYU 3 GB 1HR (discontinue),0 PCS,0 PCS,3 PCS,2 PCS,0 PCS,2 PCS,,3 PCS,
002600,V. BYU 7.5 GB 5HR (discontinue),2 PCS,0 PCS,1 PCS,0 PCS,0 PCS,0 PCS,,0 PCS,
TOTAL,20.00,29.00,31.00,22.00,22.00,17.00,20.00,33.00,
Kode Item,Nama Item,Gudang,PC 3 (A),PC 4 (C),PC 5 (C),PD 1 (C),PD 2 (C),PD 3 (C),RK (C),
001352,V. BYU 7.5 GB 7HR,0 PCS,0 PCS,0 PCS,0 PCS,0 PCS,0 PCS,0 PCS,0 PCS,
001380,V. BYU 8 GB 7HR (discontinue),0 PCS,0 PCS,0 PCS,0 PCS,0 PCS,0 PCS,0 PCS,0 PCS,
001390,V. BYU 9 GB 14HR,0 PCS,3 PCS,7 PCS,2 PCS,3 PCS,1 PCS,6 PCS,7 PCS,
001392,V. BYU 7 GB 28HR,0 PCS,11 PCS,12 PCS,10 PCS,11 PCS,10 PCS,3 PCS,13 PCS,
002436,V. BYU 6 GB 7HR,30 PCS,12 PCS,13 PCS,10 PCS,12 PCS,15 PCS,9 PCS,16 PCS,
002449,V. BYU 3 GB 1HR (discontinue),0 PCS,2 PCS,0 PCS,2 PCS,0 PCS,0 PCS,0 PCS,0 PCS,
,,,,Bee Accounting,,,,,,,,
,13/08/2026,,,,,,,
Kode Item,Nama Item,Gudang,PC 3 (A),PC 4 (C),PC 5 (C),PD 1 (C),PD 2 (C),PD 3 (C),RK (C),
002600,V. BYU 7.5 GB 5HR (discontinue),0 PCS,1 PCS,0 PCS,0 PCS,0 PCS,3 PCS,0 PCS,0 PCS,
TOTAL,30.00,29.00,32.00,24.00,26.00,29.00,18.00,36.00,
Kode Item,Nama Item,SA (C),SS (C),TOTAL,,,,,,,
001352,V. BYU 7.5 GB 7HR,0 PCS,2 PCS,11 PCS,,,,,,,
001380,V. BYU 8 GB 7HR (discontinue),0 PCS,0 PCS,20 PCS,,,,,,,
001390,V. BYU 9 GB 14HR,5 PCS,6 PCS,212 PCS,,,,,,,
001392,V. BYU 7 GB 28HR,9 PCS,8 PCS,347 PCS,,,,,,,
002436,V. BYU 6 GB 7HR,12 PCS,10 PCS,494 PCS,,,,,,,
002449,V. BYU 3 GB 1HR (discontinue),0 PCS,1 PCS,43 PCS,,,,,,,
002600,V. BYU 7.5 GB 5HR (discontinue),0 PCS,2 PCS,14 PCS,,,,,,,
TOTAL,26.00,29.00,"1,141.00",,,,,,,
,Merk,Model,,,,,,,,,
,VOUCER INDOSAT,< kosong >,,,,,,,,,
Kode Item,Nama Item,ALFA 1 (C),ALFA 2 (C),ALFA 3 (C),ALFA 4 (C),ALFA 5 (C),ALFA 6 (C),ALFA 7 ,ASBER 1 (C),
001353,V. INDOSAT 9 GB FI 28H,2 PCS,2 PCS,1 PCS,0 PCS,0 PCS,0 PCS,0 PCS,0 PCS,
001360,V. INDOSAT 16 GB FI,3 PCS,1 PCS,1 PCS,1 PCS,2 PCS,2 PCS,1 PCS,1 PCS,
002016,V. INDOSAT 7 GB FI 28H,5 PCS,5 PCS,5 PCS,9 PCS,6 PCS,8 PCS,6 PCS,8 PCS,
TOTAL,10.00,8.00,7.00,10.00,8.00,10.00,7.00,9.00,
Kode Item,Nama Item,ASBER 2 (C),BK CIJAMBE ,BK JH1 ,BK JH2 (C),BK5 CIGER ,BK6 ,BK7 ,BK8 BAKSAR ,
001353,V. INDOSAT 9 GB FI 28H,0 PCS,0 PCS,0 PCS,0 PCS,0 PCS,0 PCS,0 PCS,0 PCS,
001360,V. INDOSAT 16 GB FI,2 PCS,1 PCS,1 PCS,2 PCS,2 PCS,3 PCS,1 PCS,2 PCS,
002016,V. INDOSAT 7 GB FI 28H,8 PCS,5 PCS,10 PCS,12 PCS,10 PCS,11 PCS,8 PCS,8 PCS,
TOTAL,10.00,6.00,11.00,14.00,12.00,14.00,9.00,10.00,
Kode Item,Nama Item,BK9 BAKSAR ,BKC ,BUNISARI ,CICUKANG ,CIHAURKUK,CIKADUT 2,CIPADUNG 2 ,CIPAGALO ,
001353,V. INDOSAT 9 GB FI 28H,0 PCS,0 PCS,0 PCS,0 PCS,,,0 PCS,,
001360,V. INDOSAT 16 GB FI,3 PCS,3 PCS,4 PCS,3 PCS,3 PCS,1 PCS,2 PCS,2 PCS,
002016,V. INDOSAT 7 GB FI 28H,6 PCS,10 PCS,9 PCS,6 PCS,6 PCS,4 PCS,6 PCS,11 PCS,
TOTAL,9.00,13.00,13.00,9.00,9.00,5.00,8.00,13.00,
Kode Item,Nama Item,CIPOREAT,CISA (C),CK (C),CL 1 ,CL 2 ,CL 3 ,CL 4 ,DM (C),
001353,V. INDOSAT 9 GB FI 28H,,0 PCS,0 PCS,0 PCS,,,,0 PCS,
001360,V. INDOSAT 16 GB FI,2 PCS,3 PCS,1 PCS,1 PCS,0 PCS,2 PCS,2 PCS,2 PCS,
,,,,,Bee Accounting,,,,,,,,
,13/08/2026,,,,,,,,
Kode Item,Nama Item,CIPOREAT,CISA (C),CK (C),CL 1 ,CL 2 ,CL 3 ,CL 4 ,DM (C),
002016,V. INDOSAT 7 GB FI 28H,3 PCS,10 PCS,3 PCS,6 PCS,9 PCS,5 PCS,8 PCS,12 PCS,
TOTAL,5.00,13.00,4.00,7.00,9.00,7.00,10.00,14.00,
Kode Item,Nama Item,Gudang,PC 3 (A),PC 4 (C),PC 5 (C),PD 1 (C),PD 2 (C),PD 3 (C),RK (C),
001353,V. INDOSAT 9 GB FI 28H,0 PCS,0 PCS,0 PCS,0 PCS,0 PCS,0 PCS,0 PCS,0 PCS,
001360,V. INDOSAT 16 GB FI,0 PCS,2 PCS,0 PCS,2 PCS,2 PCS,2 PCS,2 PCS,2 PCS,
002016,V. INDOSAT 7 GB FI 28H,0 PCS,7 PCS,4 PCS,7 PCS,6 PCS,6 PCS,7 PCS,9 PCS,
TOTAL,0.00,9.00,4.00,9.00,8.00,8.00,9.00,11.00,
Kode Item,Nama Item,SA (C),SS (C),TOTAL,,,,,,,
001353,V. INDOSAT 9 GB FI 28H,0 PCS,0 PCS,5 PCS,,,,,,,
001360,V. INDOSAT 16 GB FI,1 PCS,2 PCS,75 PCS,,,,,,,
002016,V. INDOSAT 7 GB FI 28H,8 PCS,10 PCS,302 PCS,,,,,,,
TOTAL,9.00,12.00,382.00,,,,,,,
,Merk,Model,,,,,,,,,
,VOUCER INDOSAT HARIAN,< kosong >,,,,,,,,,
Kode Item,Nama Item,ALFA 1 (C),ALFA 2 (C),ALFA 3 (C),ALFA 4 (C),ALFA 5 (C),ALFA 6 (C),ALFA 7 ,ASBER 1 (C),
001354,V. INDOSAT 4 GB 5HR/ 2.5 gb 5hr,34 PCS,35 PCS,27 PCS,28 PCS,44 PCS,18 PCS,19 PCS,26 PCS,
001356,V. INDOSAT 6 GB 2HR/ 5 gb 2hr,4 PCS,24 PCS,22 PCS,25 PCS,11 PCS,7 PCS,17 PCS,6 PCS,
001357,V. INDOSAT 9 GB 5HR/5/6 gb 5hr,5 PCS,9 PCS,3 PCS,11 PCS,17 PCS,9 PCS,7 PCS,13 PCS,
001358,V. INDOSAT 9 GB 7HR/ 7 gb 7hr,7 PCS,8 PCS,11 PCS,6 PCS,15 PCS,9 PCS,11 PCS,8 PCS,
002252,V. INDOSAT 6 GB 5HR/3.5/4gb 5hr,8 PCS,7 PCS,0 PCS,7 PCS,16 PCS,7 PCS,5 PCS,8 PCS,
002602,V. INDOSAT 5 GB 1HR/2gb 1hr,20 PCS,20 PCS,14 PCS,14 PCS,25 PCS,3 PCS,14 PCS,16 PCS,
TOTAL,78.00,103.00,77.00,91.00,128.00,53.00,73.00,77.00,
Kode Item,Nama Item,ASBER 2 (C),BK CIJAMBE ,BK JH1 ,BK JH2 (C),BK5 CIGER ,BK6 ,BK7 ,BK8 BAKSAR ,
001354,V. INDOSAT 4 GB 5HR/ 2.5 gb 5hr,39 PCS,33 PCS,27 PCS,24 PCS,35 PCS,32 PCS,27 PCS,25 PCS,
001356,V. INDOSAT 6 GB 2HR/ 5 gb 2hr,8 PCS,10 PCS,37 PCS,24 PCS,12 PCS,24 PCS,18 PCS,22 PCS,
001357,V. INDOSAT 9 GB 5HR/5/6 gb 5hr,8 PCS,8 PCS,9 PCS,8 PCS,7 PCS,5 PCS,3 PCS,9 PCS,
001358,V. INDOSAT 9 GB 7HR/ 7 gb 7hr,9 PCS,9 PCS,7 PCS,8 PCS,8 PCS,6 PCS,8 PCS,6 PCS,
002252,V. INDOSAT 6 GB 5HR/3.5/4gb 5hr,5 PCS,9 PCS,8 PCS,8 PCS,7 PCS,5 PCS,9 PCS,9 PCS,
002602,V. INDOSAT 5 GB 1HR/2gb 1hr,16 PCS,8 PCS,12 PCS,20 PCS,12 PCS,9 PCS,9 PCS,8 PCS,
TOTAL,85.00,77.00,100.00,92.00,81.00,81.00,74.00,79.00,
,,,,,Bee Accounting,,,,,,,,
,13/08/2026,,,,,,,,
Kode Item,Nama Item,BK9 BAKSAR ,BKC ,BUNISARI ,CICUKANG ,CIHAURKUK,CIKADUT 2,CIPADUNG 2 ,CIPAGALO ,
001354,V. INDOSAT 4 GB 5HR/ 2.5 gb 5hr,18 PCS,38 PCS,53 PCS,24 PCS,18 PCS,25 PCS,22 PCS,21 PCS,
001356,V. INDOSAT 6 GB 2HR/ 5 gb 2hr,19 PCS,29 PCS,30 PCS,14 PCS,15 PCS,19 PCS,30 PCS,17 PCS,
001357,V. INDOSAT 9 GB 5HR/5/6 gb 5hr,9 PCS,11 PCS,13 PCS,11 PCS,7 PCS,5 PCS,9 PCS,8 PCS,
001358,V. INDOSAT 9 GB 7HR/ 7 gb 7hr,6 PCS,8 PCS,12 PCS,6 PCS,6 PCS,7 PCS,7 PCS,7 PCS,
002252,V. INDOSAT 6 GB 5HR/3.5/4gb 5hr,8 PCS,5 PCS,8 PCS,6 PCS,4 PCS,4 PCS,12 PCS,9 PCS,
002602,V. INDOSAT 5 GB 1HR/2gb 1hr,11 PCS,9 PCS,6 PCS,9 PCS,8 PCS,11 PCS,7 PCS,11 PCS,
TOTAL,71.00,100.00,122.00,70.00,58.00,71.00,87.00,73.00,
Kode Item,Nama Item,CIPOREAT,CISA (C),CK (C),CL 1 ,CL 2 ,CL 3 ,CL 4 ,DM (C),
001354,V. INDOSAT 4 GB 5HR/ 2.5 gb 5hr,19 PCS,34 PCS,35 PCS,20 PCS,22 PCS,18 PCS,20 PCS,51 PCS,
001356,V. INDOSAT 6 GB 2HR/ 5 gb 2hr,24 PCS,24 PCS,21 PCS,23 PCS,23 PCS,22 PCS,31 PCS,45 PCS,
001357,V. INDOSAT 9 GB 5HR/5/6 gb 5hr,8 PCS,9 PCS,7 PCS,9 PCS,8 PCS,7 PCS,10 PCS,17 PCS,
001358,V. INDOSAT 9 GB 7HR/ 7 gb 7hr,5 PCS,8 PCS,8 PCS,5 PCS,6 PCS,5 PCS,7 PCS,13 PCS,
002252,V. INDOSAT 6 GB 5HR/3.5/4gb 5hr,9 PCS,6 PCS,10 PCS,7 PCS,8 PCS,8 PCS,8 PCS,12 PCS,
002602,V. INDOSAT 5 GB 1HR/2gb 1hr,1 PCS,14 PCS,11 PCS,5 PCS,3 PCS,7 PCS,3 PCS,16 PCS,
TOTAL,66.00,95.00,92.00,69.00,70.00,67.00,79.00,154.00,
Kode Item,Nama Item,Gudang,PC 3 (A),PC 4 (C),PC 5 (C),PD 1 (C),PD 2 (C),PD 3 (C),RK (C),
001354,V. INDOSAT 4 GB 5HR/ 2.5 gb 5hr,93 PCS,28 PCS,32 PCS,22 PCS,26 PCS,29 PCS,17 PCS,50 PCS,
001356,V. INDOSAT 6 GB 2HR/ 5 gb 2hr,0 PCS,17 PCS,28 PCS,32 PCS,2 PCS,13 PCS,11 PCS,45 PCS,
001357,V. INDOSAT 9 GB 5HR/5/6 gb 5hr,0 PCS,8 PCS,11 PCS,17 PCS,9 PCS,16 PCS,9 PCS,20 PCS,
001358,V. INDOSAT 9 GB 7HR/ 7 gb 7hr,0 PCS,8 PCS,7 PCS,8 PCS,0 PCS,2 PCS,6 PCS,12 PCS,
002252,V. INDOSAT 6 GB 5HR/3.5/4gb 5hr,0 PCS,9 PCS,11 PCS,15 PCS,6 PCS,5 PCS,9 PCS,13 PCS,
002602,V. INDOSAT 5 GB 1HR/2gb 1hr,0 PCS,5 PCS,8 PCS,6 PCS,7 PCS,14 PCS,8 PCS,15 PCS,
TOTAL,93.00,75.00,97.00,100.00,50.00,79.00,60.00,155.00,
Kode Item,Nama Item,SA (C),SS (C),TOTAL,,,,,,,
001354,V. INDOSAT 4 GB 5HR/ 2.5 gb 5hr,36 PCS,35 PCS,1279 PCS,,,,,,,
001356,V. INDOSAT 6 GB 2HR/ 5 gb 2hr,29 PCS,28 PCS,862 PCS,,,,,,,
001357,V. INDOSAT 9 GB 5HR/5/6 gb 5hr,11 PCS,12 PCS,392 PCS,,,,,,,
001358,V. INDOSAT 9 GB 7HR/ 7 gb 7hr,5 PCS,8 PCS,308 PCS,,,,,,,
002252,V. INDOSAT 6 GB 5HR/3.5/4gb 5hr,10 PCS,11 PCS,331 PCS,,,,,,,
002602,V. INDOSAT 5 GB 1HR/2gb 1hr,14 PCS,15 PCS,444 PCS,,,,,,,
TOTAL,105.00,109.00,"3,616.00",,,,,,,
,,,,Bee Accounting,,,,,,,,
,13/08/2026,,,,,,,
,Merk,Model,,,,,,,,,
,VOUCER SMART,SEGEL,,,,,,,,,
Kode Item,Nama Item,DM (C),Gudang,TOTAL,,,,,,,
001362,V. SMARTFREN KOSONG,0 PCS,"1,109 PCS",1109 PCS,,,,,,,
TOTAL,0.00,"1,109.00","1,109.00",,,,,,,
,Merk,Model,,,,,,,,,
,VOUCER SMART,< kosong >,,,,,,,,,
Kode Item,Nama Item,ALFA 1 (C),ALFA 2 (C),ALFA 3 (C),ALFA 4 (C),ALFA 5 (C),ALFA 6 (C),ALFA 7 ,ASBER 1 (C),
001367,V. SMARTFREN UNLI 28HR 5G,,,,,,,,,
001370,V. SMARTFREN 6 GB NONSTOP (6+15),2 PCS,0 PCS,2 PCS,1 PCS,0 PCS,5 PCS,2 PCS,1 PCS,
TOTAL,2.00,0.00,2.00,1.00,0.00,5.00,2.00,1.00,
Kode Item,Nama Item,ASBER 2 (C),BK CIJAMBE ,BK JH1 ,BK JH2 (C),BK5 CIGER ,BK6 ,BK7 ,BK8 BAKSAR ,
001367,V. SMARTFREN UNLI 28HR 5G,,,,,,,,,
001370,V. SMARTFREN 6 GB NONSTOP (6+15),0 PCS,3 PCS,0 PCS,2 PCS,5 PCS,2 PCS,4 PCS,4 PCS,
TOTAL,0.00,3.00,0.00,2.00,5.00,2.00,4.00,4.00,
Kode Item,Nama Item,BK9 BAKSAR ,BKC ,BUNISARI ,CICUKANG ,CIHAURKUK,CIKADUT 2,CIPADUNG 2 ,CIPAGALO ,
001367,V. SMARTFREN UNLI 28HR 5G,,,2 PCS,,,,,,
001370,V. SMARTFREN 6 GB NONSTOP (6+15),3 PCS,3 PCS,2 PCS,3 PCS,5 PCS,4 PCS,5 PCS,2 PCS,
TOTAL,3.00,3.00,4.00,3.00,5.00,4.00,5.00,2.00,
Kode Item,Nama Item,CIPOREAT,CISA (C),CK (C),CL 1 ,CL 2 ,CL 3 ,CL 4 ,DM (C),
001367,V. SMARTFREN UNLI 28HR 5G,,,,,,,,0 PCS,
001370,V. SMARTFREN 6 GB NONSTOP (6+15),5 PCS,3 PCS,0 PCS,4 PCS,6 PCS,5 PCS,4 PCS,3 PCS,
TOTAL,5.00,3.00,0.00,4.00,6.00,5.00,4.00,3.00,
Kode Item,Nama Item,Gudang,PC 3 (A),PC 4 (C),PC 5 (C),PD 1 (C),PD 2 (C),PD 3 (C),RK (C),
001367,V. SMARTFREN UNLI 28HR 5G,0 PCS,,,0 PCS,,2 PCS,,,
001370,V. SMARTFREN 6 GB NONSTOP (6+15),0 PCS,3 PCS,4 PCS,5 PCS,4 PCS,0 PCS,1 PCS,7 PCS,
TOTAL,0.00,3.00,4.00,5.00,4.00,2.00,1.00,7.00,
Kode Item,Nama Item,SA (C),SS (C),TOTAL,,,,,,,
001367,V. SMARTFREN UNLI 28HR 5G,,,4 PCS,,,,,,,
,,,,,Bee Accounting,,,,,,,,
,13/08/2026,,,,,,,,
Kode Item,Nama Item,SA (C),SS (C),TOTAL,,,,,,,
001370,V. SMARTFREN 6 GB NONSTOP (6+15),2 PCS,5 PCS,121 PCS,,,,,,,
TOTAL,2.00,5.00,125.00,,,,,,,
,Merk,Model,,,,,,,,,
,VOUCER SMART HARIAN,COCKTAIL,,,,,,,,,
Kode Item,Nama Item,ALFA 1 (C),ALFA 2 (C),ALFA 3 (C),ALFA 4 (C),ALFA 5 (C),ALFA 6 (C),ALFA 7 ,ASBER 1 (C),
001365,V. SMARTFREN 4 GB 5HR,1 PCS,5 PCS,4 PCS,0 PCS,7 PCS,10 PCS,5 PCS,6 PCS,
TOTAL,1.00,5.00,4.00,0.00,7.00,10.00,5.00,6.00,
Kode Item,Nama Item,ASBER 2 (C),BK CIJAMBE ,BK JH1 ,BK JH2 (C),BK5 CIGER ,BK6 ,BK7 ,BK8 BAKSAR ,
001365,V. SMARTFREN 4 GB 5HR,6 PCS,6 PCS,4 PCS,1 PCS,9 PCS,0 PCS,12 PCS,5 PCS,
TOTAL,6.00,6.00,4.00,1.00,9.00,0.00,12.00,5.00,
Kode Item,Nama Item,BK9 BAKSAR ,BKC ,BUNISARI ,CICUKANG ,CIHAURKUK,CIKADUT 2,CIPADUNG 2 ,CIPAGALO ,
001365,V. SMARTFREN 4 GB 5HR,10 PCS,4 PCS,8 PCS,7 PCS,4 PCS,3 PCS,8 PCS,11 PCS,
TOTAL,10.00,4.00,8.00,7.00,4.00,3.00,8.00,11.00,
Kode Item,Nama Item,CIPOREAT,CISA (C),CK (C),CL 1 ,CL 2 ,CL 3 ,CL 4 ,DM (C),
001365,V. SMARTFREN 4 GB 5HR,6 PCS,3 PCS,0 PCS,10 PCS,7 PCS,8 PCS,4 PCS,18 PCS,
TOTAL,6.00,3.00,0.00,10.00,7.00,8.00,4.00,18.00,
Kode Item,Nama Item,Gudang,PC 3 (A),PC 4 (C),PC 5 (C),PD 1 (C),PD 2 (C),PD 3 (C),RK (C),
001365,V. SMARTFREN 4 GB 5HR,0 PCS,5 PCS,10 PCS,4 PCS,2 PCS,7 PCS,1 PCS,4 PCS,
TOTAL,0.00,5.00,10.00,4.00,2.00,7.00,1.00,4.00,
Kode Item,Nama Item,SA (C),SS (C),TOTAL,,,,,,,
001365,V. SMARTFREN 4 GB 5HR,5 PCS,4 PCS,234 PCS,,,,,,,
TOTAL,5.00,4.00,234.00,,,,,,,
,Merk,Model,,,,,,,,,
,VOUCER SMART HARIAN,< kosong >,,,,,,,,,
Kode Item,Nama Item,ALFA 1 (C),ALFA 2 (C),ALFA 3 (C),ALFA 4 (C),ALFA 5 (C),ALFA 6 (C),ALFA 7 ,ASBER 1 (C),
001361,V. SMARTFREN 1 GB 3HR,10 PCS,15 PCS,10 PCS,11 PCS,14 PCS,6 PCS,5 PCS,9 PCS,
001363,V. SMARTFREN 2 GB 7HR,7 PCS,3 PCS,7 PCS,6 PCS,0 PCS,5 PCS,7 PCS,8 PCS,
001364,V. SMARTFREN 4 GB 3HR,11 PCS,8 PCS,8 PCS,2 PCS,10 PCS,5 PCS,4 PCS,6 PCS,
001366,V. SMARTFREN UNLI 7HR 5G,4 PCS,4 PCS,2 PCS,4 PCS,4 PCS,2 PCS,1 PCS,2 PCS,
001368,V. SMARTFREN 6 GB 7HR,0 PCS,1 PCS,10 PCS,1 PCS,8 PCS,11 PCS,7 PCS,5 PCS,
,,,,,Bee Accounting,,,,,,,,
,13/08/2026,,,,,,,,
Kode Item,Nama Item,ALFA 1 (C),ALFA 2 (C),ALFA 3 (C),ALFA 4 (C),ALFA 5 (C),ALFA 6 (C),ALFA 7 ,ASBER 1 (C),
001369,V. SMARTFREN UNLI 14HR 5G,2 PCS,2 PCS,2 PCS,2 PCS,2 PCS,2 PCS,2 PCS,2 PCS,
001371,V. SMARTFREN 3 GB UNLI 7HR,4 PCS,2 PCS,4 PCS,0 PCS,3 PCS,0 PCS,4 PCS,0 PCS,
TOTAL,38.00,35.00,43.00,26.00,41.00,31.00,30.00,32.00,
Kode Item,Nama Item,ASBER 2 (C),BK CIJAMBE ,BK JH1 ,BK JH2 (C),BK5 CIGER ,BK6 ,BK7 ,BK8 BAKSAR ,
001361,V. SMARTFREN 1 GB 3HR,3 PCS,8 PCS,9 PCS,7 PCS,8 PCS,7 PCS,12 PCS,10 PCS,
001363,V. SMARTFREN 2 GB 7HR,7 PCS,5 PCS,5 PCS,6 PCS,8 PCS,6 PCS,15 PCS,11 PCS,
001364,V. SMARTFREN 4 GB 3HR,8 PCS,9 PCS,13 PCS,5 PCS,6 PCS,6 PCS,9 PCS,9 PCS,
001366,V. SMARTFREN UNLI 7HR 5G,4 PCS,2 PCS,2 PCS,2 PCS,2 PCS,2 PCS,2 PCS,2 PCS,
001368,V. SMARTFREN 6 GB 7HR,9 PCS,13 PCS,12 PCS,10 PCS,9 PCS,4 PCS,4 PCS,10 PCS,
001369,V. SMARTFREN UNLI 14HR 5G,2 PCS,0 PCS,2 PCS,2 PCS,0 PCS,0 PCS,2 PCS,2 PCS,
001371,V. SMARTFREN 3 GB UNLI 7HR,4 PCS,5 PCS,2 PCS,0 PCS,1 PCS,3 PCS,1 PCS,4 PCS,
TOTAL,37.00,42.00,45.00,32.00,34.00,28.00,45.00,48.00,
Kode Item,Nama Item,BK9 BAKSAR ,BKC ,BUNISARI ,CICUKANG ,CIHAURKUK,CIKADUT 2,CIPADUNG 2 ,CIPAGALO ,
001361,V. SMARTFREN 1 GB 3HR,6 PCS,17 PCS,11 PCS,7 PCS,6 PCS,2 PCS,8 PCS,8 PCS,
001363,V. SMARTFREN 2 GB 7HR,4 PCS,16 PCS,8 PCS,1 PCS,8 PCS,7 PCS,2 PCS,9 PCS,
001364,V. SMARTFREN 4 GB 3HR,10 PCS,7 PCS,9 PCS,4 PCS,2 PCS,6 PCS,6 PCS,7 PCS,
001366,V. SMARTFREN UNLI 7HR 5G,2 PCS,2 PCS,4 PCS,2 PCS,2 PCS,2 PCS,2 PCS,2 PCS,
001368,V. SMARTFREN 6 GB 7HR,8 PCS,13 PCS,9 PCS,7 PCS,9 PCS,7 PCS,5 PCS,8 PCS,
001369,V. SMARTFREN UNLI 14HR 5G,0 PCS,2 PCS,2 PCS,2 PCS,,0 PCS,2 PCS,2 PCS,
001371,V. SMARTFREN 3 GB UNLI 7HR,4 PCS,2 PCS,1 PCS,0 PCS,3 PCS,3 PCS,3 PCS,4 PCS,
TOTAL,34.00,59.00,44.00,23.00,30.00,27.00,28.00,40.00,
Kode Item,Nama Item,CIPOREAT,CISA (C),CK (C),CL 1 ,CL 2 ,CL 3 ,CL 4 ,DM (C),
001361,V. SMARTFREN 1 GB 3HR,5 PCS,8 PCS,9 PCS,6 PCS,5 PCS,5 PCS,9 PCS,8 PCS,
001363,V. SMARTFREN 2 GB 7HR,3 PCS,0 PCS,5 PCS,12 PCS,3 PCS,7 PCS,7 PCS,11 PCS,
001364,V. SMARTFREN 4 GB 3HR,3 PCS,7 PCS,5 PCS,9 PCS,7 PCS,7 PCS,7 PCS,8 PCS,
001366,V. SMARTFREN UNLI 7HR 5G,2 PCS,2 PCS,2 PCS,2 PCS,2 PCS,2 PCS,2 PCS,2 PCS,
001368,V. SMARTFREN 6 GB 7HR,10 PCS,11 PCS,5 PCS,9 PCS,4 PCS,10 PCS,11 PCS,9 PCS,
001369,V. SMARTFREN UNLI 14HR 5G,0 PCS,2 PCS,2 PCS,1 PCS,1 PCS,0 PCS,,2 PCS,
001371,V. SMARTFREN 3 GB UNLI 7HR,4 PCS,4 PCS,3 PCS,3 PCS,0 PCS,4 PCS,2 PCS,4 PCS,
TOTAL,27.00,34.00,31.00,42.00,22.00,35.00,38.00,44.00,
Kode Item,Nama Item,Gudang,PC 3 (A),PC 4 (C),PC 5 (C),PD 1 (C),PD 2 (C),PD 3 (C),PETSHOP,
001361,V. SMARTFREN 1 GB 3HR,0 PCS,6 PCS,7 PCS,14 PCS,11 PCS,14 PCS,4 PCS,0 PCS,
,,,,Bee Accounting,,,,,,,,
,13/08/2026,,,,,,,
Kode Item,Nama Item,Gudang,PC 3 (A),PC 4 (C),PC 5 (C),PD 1 (C),PD 2 (C),PD 3 (C),PETSHOP,
001363,V. SMARTFREN 2 GB 7HR,0 PCS,6 PCS,3 PCS,0 PCS,5 PCS,3 PCS,8 PCS,,
001364,V. SMARTFREN 4 GB 3HR,0 PCS,9 PCS,8 PCS,11 PCS,8 PCS,2 PCS,5 PCS,,
001366,V. SMARTFREN UNLI 7HR 5G,0 PCS,2 PCS,2 PCS,4 PCS,2 PCS,3 PCS,2 PCS,,
001368,V. SMARTFREN 6 GB 7HR,0 PCS,10 PCS,14 PCS,11 PCS,0 PCS,11 PCS,6 PCS,,
001369,V. SMARTFREN UNLI 14HR 5G,0 PCS,2 PCS,2 PCS,2 PCS,2 PCS,2 PCS,0 PCS,,
001371,V. SMARTFREN 3 GB UNLI 7HR,0 PCS,6 PCS,4 PCS,0 PCS,3 PCS,0 PCS,2 PCS,,
TOTAL,0.00,41.00,40.00,42.00,31.00,35.00,27.00,0.00,
Kode Item,Nama Item,RK (C),SA (C),SS (C),TOTAL,,,,,,
001361,V. SMARTFREN 1 GB 3HR,16 PCS,12 PCS,8 PCS,356 PCS,,,,,,
001363,V. SMARTFREN 2 GB 7HR,5 PCS,10 PCS,7 PCS,256 PCS,,,,,,
001364,V. SMARTFREN 4 GB 3HR,10 PCS,8 PCS,13 PCS,297 PCS,,,,,,
001366,V. SMARTFREN UNLI 7HR 5G,2 PCS,4 PCS,2 PCS,98 PCS,,,,,,
001368,V. SMARTFREN 6 GB 7HR,11 PCS,0 PCS,13 PCS,325 PCS,,,,,,
001369,V. SMARTFREN UNLI 14HR 5G,2 PCS,2 PCS,2 PCS,60 PCS,,,,,,
001371,V. SMARTFREN 3 GB UNLI 7HR,0 PCS,4 PCS,1 PCS,101 PCS,,,,,,
TOTAL,46.00,40.00,46.00,"1,493.00",,,,,,
,Merk,Model,,,,,,,,,
,VOUCER SMART TEMBAKAN,COCKTAIL,,,,,,,,,
Kode Item,Nama Item,ALFA 1 (C),ALFA 2 (C),ALFA 3 (C),ALFA 4 (C),ALFA 5 (C),ALFA 6 (C),ALFA 7 ,ASBER 1 (C),
002395,V. SVSRM SMART 11GB+5GB 30HR,5 PCS,5 PCS,4 PCS,5 PCS,5 PCS,5 PCS,4 PCS,6 PCS,
002396,V. SVSRL SMART 30GB 30HR,4 PCS,4 PCS,4 PCS,4 PCS,5 PCS,4 PCS,4 PCS,2 PCS,
002397,V. SVSR2L SMART 48GB 30HR,3 PCS,3 PCS,3 PCS,5 PCS,3 PCS,3 PCS,3 PCS,3 PCS,
002416,V. SVSR28H SMART UNLI 28HR,9 PCS,9 PCS,11 PCS,9 PCS,11 PCS,10 PCS,1 PCS,4 PCS,
TOTAL,21.00,21.00,22.00,23.00,24.00,22.00,12.00,15.00,
Kode Item,Nama Item,ASBER 2 (C),BK CIJAMBE ,BK JH1 ,BK JH2 (C),BK5 CIGER ,BK6 ,BK7 ,BK8 BAKSAR ,
002395,V. SVSRM SMART 11GB+5GB 30HR,6 PCS,4 PCS,5 PCS,6 PCS,4 PCS,4 PCS,4 PCS,4 PCS,
002396,V. SVSRL SMART 30GB 30HR,4 PCS,3 PCS,4 PCS,3 PCS,3 PCS,2 PCS,2 PCS,2 PCS,
002397,V. SVSR2L SMART 48GB 30HR,3 PCS,2 PCS,3 PCS,4 PCS,3 PCS,2 PCS,2 PCS,2 PCS,
002416,V. SVSR28H SMART UNLI 28HR,10 PCS,8 PCS,12 PCS,10 PCS,7 PCS,6 PCS,8 PCS,7 PCS,
TOTAL,23.00,17.00,24.00,23.00,17.00,14.00,16.00,15.00,
,,,,,Bee Accounting,,,,,,,,
,13/08/2026,,,,,,,,
Kode Item,Nama Item,BK9 BAKSAR ,BKC ,BUNISARI ,CICUKANG ,CIHAURKUK,CIKADUT 2,CIPADUNG 2 ,CIPAGALO ,
002395,V. SVSRM SMART 11GB+5GB 30HR,4 PCS,5 PCS,8 PCS,4 PCS,2 PCS,2 PCS,2 PCS,4 PCS,
002396,V. SVSRL SMART 30GB 30HR,2 PCS,3 PCS,4 PCS,2 PCS,2 PCS,2 PCS,3 PCS,2 PCS,
002397,V. SVSR2L SMART 48GB 30HR,2 PCS,3 PCS,5 PCS,4 PCS,2 PCS,2 PCS,3 PCS,2 PCS,
002416,V. SVSR28H SMART UNLI 28HR,7 PCS,8 PCS,13 PCS,9 PCS,6 PCS,6 PCS,7 PCS,5 PCS,
TOTAL,15.00,19.00,30.00,19.00,12.00,12.00,15.00,13.00,
Kode Item,Nama Item,CIPOREAT,CISA (C),CK (C),CL 1 ,CL 2 ,CL 3 ,CL 4 ,DM (C),
002395,V. SVSRM SMART 11GB+5GB 30HR,2 PCS,5 PCS,3 PCS,1 PCS,2 PCS,2 PCS,2 PCS,6 PCS,
002396,V. SVSRL SMART 30GB 30HR,2 PCS,2 PCS,2 PCS,3 PCS,2 PCS,2 PCS,2 PCS,4 PCS,
002397,V. SVSR2L SMART 48GB 30HR,2 PCS,3 PCS,3 PCS,2 PCS,3 PCS,2 PCS,2 PCS,4 PCS,
002416,V. SVSR28H SMART UNLI 28HR,5 PCS,10 PCS,10 PCS,6 PCS,4 PCS,4 PCS,6 PCS,10 PCS,
TOTAL,11.00,20.00,18.00,12.00,11.00,10.00,12.00,24.00,
Kode Item,Nama Item,Gudang,PC 3 (A),PC 4 (C),PC 5 (C),PD 1 (C),PD 2 (C),PD 3 (C),RK (C),
002395,V. SVSRM SMART 11GB+5GB 30HR,0 PCS,4 PCS,3 PCS,6 PCS,3 PCS,2 PCS,4 PCS,6 PCS,
002396,V. SVSRL SMART 30GB 30HR,0 PCS,3 PCS,2 PCS,5 PCS,2 PCS,3 PCS,3 PCS,4 PCS,
002397,V. SVSR2L SMART 48GB 30HR,0 PCS,4 PCS,4 PCS,5 PCS,3 PCS,4 PCS,3 PCS,3 PCS,
002416,V. SVSR28H SMART UNLI 28HR,0 PCS,8 PCS,4 PCS,4 PCS,9 PCS,0 PCS,6 PCS,9 PCS,
TOTAL,0.00,19.00,13.00,20.00,17.00,9.00,16.00,22.00,
Kode Item,Nama Item,SA (C),SS (C),TOTAL,,,,,,,
002395,V. SVSRM SMART 11GB+5GB 30HR,4 PCS,3 PCS,165 PCS,,,,,,,
002396,V. SVSRL SMART 30GB 30HR,3 PCS,3 PCS,121 PCS,,,,,,,
002397,V. SVSR2L SMART 48GB 30HR,4 PCS,2 PCS,123 PCS,,,,,,,
002416,V. SVSR28H SMART UNLI 28HR,6 PCS,10 PCS,304 PCS,,,,,,,
TOTAL,17.00,18.00,713.00,,,,,,,
,Merk,Model,,,,,,,,,
,VOUCER TELKOMSEL,< kosong >,,,,,,,,,
Kode Item,Nama Item,ALFA 1 (C),ALFA 2 (C),ALFA 3 (C),ALFA 4 (C),ALFA 5 (C),ALFA 6 (C),ALFA 7 ,ASBER 1 (C),
001382,V. BYU 6 GB 2HR,12 PCS,7 PCS,13 PCS,11 PCS,13 PCS,8 PCS,10 PCS,12 PCS,
001384,V. BYU 11 GB 5HR,6 PCS,5 PCS,5 PCS,5 PCS,10 PCS,15 PCS,7 PCS,9 PCS,
001388,V. TELKOMSEL 7 GB 28HR,19 PCS,19 PCS,15 PCS,20 PCS,22 PCS,16 PCS,16 PCS,21 PCS,
002286,V. TELKOMSEL 18 GB 28HR,18 PCS,10 PCS,16 PCS,11 PCS,17 PCS,10 PCS,8 PCS,9 PCS,
,,,,,Bee Accounting,,,,,,,,
,13/08/2026,,,,,,,,
Kode Item,Nama Item,ALFA 1 (C),ALFA 2 (C),ALFA 3 (C),ALFA 4 (C),ALFA 5 (C),ALFA 6 (C),ALFA 7 ,ASBER 1 (C),
TOTAL,55.00,41.00,49.00,47.00,62.00,49.00,41.00,51.00,
Kode Item,Nama Item,ASBER 2 (C),BK CIJAMBE ,BK JH1 ,BK JH2 (C),BK5 CIGER ,BK6 ,BK7 ,BK8 BAKSAR ,
001382,V. BYU 6 GB 2HR,11 PCS,9 PCS,11 PCS,13 PCS,11 PCS,9 PCS,11 PCS,6 PCS,
001384,V. BYU 11 GB 5HR,7 PCS,6 PCS,7 PCS,7 PCS,7 PCS,8 PCS,9 PCS,6 PCS,
001388,V. TELKOMSEL 7 GB 28HR,22 PCS,12 PCS,20 PCS,22 PCS,13 PCS,14 PCS,14 PCS,18 PCS,
002286,V. TELKOMSEL 18 GB 28HR,18 PCS,10 PCS,18 PCS,12 PCS,10 PCS,10 PCS,5 PCS,9 PCS,
TOTAL,58.00,37.00,56.00,54.00,41.00,41.00,39.00,39.00,
Kode Item,Nama Item,BK9 BAKSAR ,BKC ,BUNISARI ,CICUKANG ,CIHAURKUK,CIKADUT 2,CIPADUNG 2 ,CIPAGALO ,
001382,V. BYU 6 GB 2HR,7 PCS,10 PCS,12 PCS,12 PCS,9 PCS,9 PCS,8 PCS,9 PCS,
001384,V. BYU 11 GB 5HR,8 PCS,7 PCS,12 PCS,5 PCS,6 PCS,7 PCS,8 PCS,8 PCS,
001388,V. TELKOMSEL 7 GB 28HR,14 PCS,14 PCS,16 PCS,19 PCS,10 PCS,12 PCS,13 PCS,19 PCS,
002286,V. TELKOMSEL 18 GB 28HR,8 PCS,6 PCS,4 PCS,5 PCS,2 PCS,5 PCS,4 PCS,11 PCS,
TOTAL,37.00,37.00,44.00,41.00,27.00,33.00,33.00,47.00,
Kode Item,Nama Item,CIPOREAT,CISA (C),CK (C),CL 1 ,CL 2 ,CL 3 ,CL 4 ,DM (C),
001382,V. BYU 6 GB 2HR,5 PCS,10 PCS,10 PCS,8 PCS,9 PCS,7 PCS,8 PCS,12 PCS,
001384,V. BYU 11 GB 5HR,7 PCS,6 PCS,8 PCS,6 PCS,8 PCS,6 PCS,8 PCS,10 PCS,
001388,V. TELKOMSEL 7 GB 28HR,10 PCS,20 PCS,20 PCS,11 PCS,9 PCS,11 PCS,10 PCS,16 PCS,
002286,V. TELKOMSEL 18 GB 28HR,5 PCS,9 PCS,4 PCS,6 PCS,8 PCS,7 PCS,7 PCS,11 PCS,
TOTAL,27.00,45.00,42.00,31.00,34.00,31.00,33.00,49.00,
Kode Item,Nama Item,Gudang,PC 3 (A),PC 4 (C),PC 5 (C),PD 1 (C),PD 2 (C),PD 3 (C),RK (C),
001382,V. BYU 6 GB 2HR,0 PCS,12 PCS,11 PCS,11 PCS,7 PCS,8 PCS,7 PCS,12 PCS,
001384,V. BYU 11 GB 5HR,0 PCS,12 PCS,7 PCS,10 PCS,9 PCS,9 PCS,6 PCS,14 PCS,
001388,V. TELKOMSEL 7 GB 28HR,112 PCS,16 PCS,15 PCS,21 PCS,17 PCS,16 PCS,10 PCS,20 PCS,
002286,V. TELKOMSEL 18 GB 28HR,0 PCS,2 PCS,10 PCS,14 PCS,6 PCS,4 PCS,8 PCS,20 PCS,
TOTAL,112.00,42.00,43.00,56.00,39.00,37.00,31.00,66.00,
Kode Item,Nama Item,SA (C),SS (C),TOTAL,,,,,,,
001382,V. BYU 6 GB 2HR,10 PCS,9 PCS,399 PCS,,,,,,,
001384,V. BYU 11 GB 5HR,10 PCS,11 PCS,327 PCS,,,,,,,
001388,V. TELKOMSEL 7 GB 28HR,14 PCS,15 PCS,763 PCS,,,,,,,
002286,V. TELKOMSEL 18 GB 28HR,7 PCS,6 PCS,370 PCS,,,,,,,
TOTAL,41.00,41.00,"1,859.00",,,,,,,
,,,,Bee Accounting,,,,,,,,
,13/08/2026,,,,,,,
,Merk,Model,,,,,,,,,
,VOUCER TELKOMSEL HARIAN,< kosong >,,,,,,,,,
Kode Item,Nama Item,ALFA 1 (C),ALFA 2 (C),ALFA 3 (C),ALFA 4 (C),ALFA 5 (C),ALFA 6 (C),ALFA 7 ,ASBER 1 (C),
001387,V. TELKOMSEL 4 GB 1HR,18 PCS,16 PCS,13 PCS,11 PCS,17 PCS,12 PCS,11 PCS,15 PCS,
002751,V. TELKOMSEL 6 GB 2HR,36 PCS,37 PCS,30 PCS,31 PCS,29 PCS,32 PCS,19 PCS,29 PCS,
002752,V. TELKOMSEL 5 GB 3HR,17 PCS,15 PCS,12 PCS,12 PCS,21 PCS,20 PCS,10 PCS,14 PCS,
002753,V. TELKOMSEL 4 GB 5HR,61 PCS,52 PCS,34 PCS,47 PCS,64 PCS,44 PCS,31 PCS,50 PCS,
002754,V. TELKOMSEL 6 GB 5HR,17 PCS,15 PCS,18 PCS,17 PCS,27 PCS,19 PCS,14 PCS,18 PCS,
TOTAL,149.00,135.00,107.00,118.00,158.00,127.00,85.00,126.00,
Kode Item,Nama Item,ASBER 2 (C),BK CIJAMBE ,BK JH1 ,BK JH2 (C),BK5 CIGER ,BK6 ,BK7 ,BK8 BAKSAR ,
001387,V. TELKOMSEL 4 GB 1HR,13 PCS,11 PCS,12 PCS,14 PCS,12 PCS,11 PCS,11 PCS,9 PCS,
002751,V. TELKOMSEL 6 GB 2HR,28 PCS,22 PCS,41 PCS,38 PCS,17 PCS,22 PCS,18 PCS,23 PCS,
002752,V. TELKOMSEL 5 GB 3HR,18 PCS,8 PCS,20 PCS,15 PCS,11 PCS,10 PCS,11 PCS,12 PCS,
002753,V. TELKOMSEL 4 GB 5HR,48 PCS,32 PCS,54 PCS,56 PCS,28 PCS,34 PCS,33 PCS,39 PCS,
002754,V. TELKOMSEL 6 GB 5HR,17 PCS,11 PCS,21 PCS,18 PCS,17 PCS,14 PCS,15 PCS,21 PCS,
TOTAL,124.00,84.00,148.00,141.00,85.00,91.00,88.00,104.00,
Kode Item,Nama Item,BK9 BAKSAR ,BKC ,BUNISARI ,CICUKANG ,CIHAURKUK,CIKADUT 2,CIPADUNG 2 ,CIPAGALO ,
001387,V. TELKOMSEL 4 GB 1HR,10 PCS,13 PCS,17 PCS,11 PCS,11 PCS,9 PCS,10 PCS,12 PCS,
002751,V. TELKOMSEL 6 GB 2HR,25 PCS,17 PCS,32 PCS,26 PCS,30 PCS,22 PCS,26 PCS,27 PCS,
002752,V. TELKOMSEL 5 GB 3HR,9 PCS,12 PCS,17 PCS,10 PCS,7 PCS,9 PCS,9 PCS,9 PCS,
002753,V. TELKOMSEL 4 GB 5HR,38 PCS,42 PCS,51 PCS,39 PCS,33 PCS,34 PCS,31 PCS,47 PCS,
002754,V. TELKOMSEL 6 GB 5HR,17 PCS,17 PCS,23 PCS,23 PCS,15 PCS,15 PCS,15 PCS,15 PCS,
TOTAL,99.00,101.00,140.00,109.00,96.00,89.00,91.00,110.00,
Kode Item,Nama Item,CIPOREAT,CISA (C),CK (C),CL 1 ,CL 2 ,CL 3 ,CL 4 ,DM (C),
001387,V. TELKOMSEL 4 GB 1HR,6 PCS,15 PCS,12 PCS,9 PCS,8 PCS,8 PCS,7 PCS,14 PCS,
002751,V. TELKOMSEL 6 GB 2HR,15 PCS,34 PCS,21 PCS,21 PCS,20 PCS,19 PCS,18 PCS,37 PCS,
002752,V. TELKOMSEL 5 GB 3HR,8 PCS,17 PCS,10 PCS,9 PCS,8 PCS,6 PCS,5 PCS,21 PCS,
002753,V. TELKOMSEL 4 GB 5HR,22 PCS,48 PCS,35 PCS,26 PCS,28 PCS,26 PCS,28 PCS,44 PCS,
002754,V. TELKOMSEL 6 GB 5HR,8 PCS,14 PCS,14 PCS,14 PCS,15 PCS,9 PCS,11 PCS,17 PCS,
TOTAL,59.00,128.00,92.00,79.00,79.00,68.00,69.00,133.00,
Kode Item,Nama Item,Gudang,PC 3 (A),PC 4 (C),PC 5 (C),PD 1 (C),PD 2 (C),PD 3 (C),RK (C),
001387,V. TELKOMSEL 4 GB 1HR,1 PCS,11 PCS,11 PCS,16 PCS,10 PCS,15 PCS,11 PCS,14 PCS,
,,,,,Bee Accounting,,,,,,,,
,13/08/2026,,,,,,,,
Kode Item,Nama Item,Gudang,PC 3 (A),PC 4 (C),PC 5 (C),PD 1 (C),PD 2 (C),PD 3 (C),RK (C),
002751,V. TELKOMSEL 6 GB 2HR,177 PCS,21 PCS,19 PCS,43 PCS,19 PCS,33 PCS,27 PCS,55 PCS,
002752,V. TELKOMSEL 5 GB 3HR,0 PCS,11 PCS,10 PCS,14 PCS,10 PCS,15 PCS,9 PCS,13 PCS,
002753,V. TELKOMSEL 4 GB 5HR,150 PCS,39 PCS,41 PCS,46 PCS,35 PCS,40 PCS,31 PCS,61 PCS,
002754,V. TELKOMSEL 6 GB 5HR,0 PCS,14 PCS,19 PCS,25 PCS,13 PCS,19 PCS,14 PCS,28 PCS,
TOTAL,328.00,96.00,100.00,144.00,87.00,122.00,92.00,171.00,
Kode Item,Nama Item,SA (C),SS (C),TOTAL,,,,,,,
001387,V. TELKOMSEL 4 GB 1HR,13 PCS,11 PCS,491 PCS,,,,,,,
002751,V. TELKOMSEL 6 GB 2HR,37 PCS,35 PCS,1308 PCS,,,,,,,
002752,V. TELKOMSEL 5 GB 3HR,19 PCS,13 PCS,506 PCS,,,,,,,
002753,V. TELKOMSEL 4 GB 5HR,39 PCS,39 PCS,1800 PCS,,,,,,,
002754,V. TELKOMSEL 6 GB 5HR,19 PCS,21 PCS,693 PCS,,,,,,,
TOTAL,127.00,119.00,"4,798.00",,,,,,,
,Merk,Model,,,,,,,,,
,VOUCER TELKOMSEL TEMBAK,SEGEL,,,,,,,,,
Kode Item,Nama Item,ALFA 1 (C),ALFA 3 (C),BUNISARI ,DM (C),Gudang,PC 3 (A),RK (C),TOTAL,
001391,V. TELKOMSEL KOSONG 30/09/26,0 PCS,0 PCS,0 PCS,0 PCS,0 PCS,0 PCS,0 PCS,0 PCS,
TOTAL,0.00,0.00,0.00,0.00,0.00,0.00,0.00,0.00,
,Merk,Model,,,,,,,,,
,VOUCER TELKOMSEL TEMBAK,< kosong >,,,,,,,,,
Kode Item,Nama Item,ALFA 1 (C),ALFA 2 (C),ALFA 3 (C),ALFA 4 (C),ALFA 5 (C),ALFA 6 (C),ALFA 7 ,ASBER 1 (C),
002204,V. TELKOMSEL 5 GB 7HR,14 PCS,12 PCS,12 PCS,8 PCS,16 PCS,11 PCS,8 PCS,12 PCS,
002205,V. SVT25 TELKOMSEL 25 GB 28HR,0 PCS,0 PCS,0 PCS,0 PCS,0 PCS,0 PCS,0 PCS,0 PCS,
TOTAL,14.00,12.00,12.00,8.00,16.00,11.00,8.00,12.00,
Kode Item,Nama Item,ASBER 2 (C),BK CIJAMBE ,BK JH1 ,BK JH2 (C),BK5 CIGER ,BK6 ,BK7 ,BK8 BAKSAR ,
002204,V. TELKOMSEL 5 GB 7HR,11 PCS,11 PCS,10 PCS,13 PCS,9 PCS,10 PCS,9 PCS,11 PCS,
002205,V. SVT25 TELKOMSEL 25 GB 28HR,0 PCS,0 PCS,0 PCS,0 PCS,0 PCS,0 PCS,0 PCS,0 PCS,
TOTAL,11.00,11.00,10.00,13.00,9.00,10.00,9.00,11.00,
Kode Item,Nama Item,BK9 BAKSAR ,BKC ,BUNISARI ,CICUKANG ,CIHAURKUK,CIKADUT 2,CIPADUNG 2 ,CIPAGALO ,
002204,V. TELKOMSEL 5 GB 7HR,13 PCS,11 PCS,17 PCS,11 PCS,9 PCS,9 PCS,10 PCS,9 PCS,
002205,V. SVT25 TELKOMSEL 25 GB 28HR,0 PCS,0 PCS,0 PCS,0 PCS,,0 PCS,0 PCS,0 PCS,
,,,,,Bee Accounting,,,,,,,,
,13/08/2026,,,,,,,,
Kode Item,Nama Item,BK9 BAKSAR ,BKC ,BUNISARI ,CICUKANG ,CIHAURKUK,CIKADUT 2,CIPADUNG 2 ,CIPAGALO ,
TOTAL,13.00,11.00,17.00,11.00,9.00,9.00,10.00,9.00,
Kode Item,Nama Item,CIPOREAT,CISA (C),CK (C),CL 1 ,CL 2 ,CL 3 ,CL 4 ,DM (C),
002204,V. TELKOMSEL 5 GB 7HR,5 PCS,11 PCS,9 PCS,12 PCS,8 PCS,9 PCS,7 PCS,9 PCS,
002205,V. SVT25 TELKOMSEL 25 GB 28HR,0 PCS,0 PCS,0 PCS,0 PCS,0 PCS,0 PCS,,0 PCS,
TOTAL,5.00,11.00,9.00,12.00,8.00,9.00,7.00,9.00,
Kode Item,Nama Item,Gudang,PC 3 (A),PC 4 (C),PC 5 (C),PD 1 (C),PD 2 (C),PD 3 (C),RK (C),
002204,V. TELKOMSEL 5 GB 7HR,0 PCS,8 PCS,8 PCS,12 PCS,9 PCS,12 PCS,16 PCS,18 PCS,
002205,V. SVT25 TELKOMSEL 25 GB 28HR,403 PCS,0 PCS,0 PCS,0 PCS,0 PCS,0 PCS,0 PCS,0 PCS,
TOTAL,403.00,8.00,8.00,12.00,9.00,12.00,16.00,18.00,
Kode Item,Nama Item,SA (C),SS (C),TOTAL,,,,,,,
002204,V. TELKOMSEL 5 GB 7HR,8 PCS,7 PCS,434 PCS,,,,,,,
002205,V. SVT25 TELKOMSEL 25 GB 28HR,0 PCS,0 PCS,403 PCS,,,,,,,
TOTAL,8.00,7.00,837.00,,,,,,,
,Merk,Model,,,,,,,,,
,VOUCER TRI,< kosong >,,,,,,,,,
Kode Item,Nama Item,ALFA 1 (C),ALFA 2 (C),ALFA 3 (C),ALFA 4 (C),ALFA 5 (C),ALFA 6 (C),ALFA 7 ,ASBER 1 (C),
001400,V. TRI 7 GB 28HR,18 PCS,23 PCS,19 PCS,17 PCS,25 PCS,13 PCS,12 PCS,19 PCS,
001403,V. TRI 10 GB 3HR,25 PCS,26 PCS,25 PCS,22 PCS,32 PCS,13 PCS,26 PCS,22 PCS,
001404,V. TRI AON 8 GB,13 PCS,13 PCS,14 PCS,15 PCS,15 PCS,14 PCS,17 PCS,13 PCS,
001405,V. TRI AON 12 GB,6 PCS,4 PCS,6 PCS,3 PCS,5 PCS,7 PCS,7 PCS,2 PCS,
TOTAL,62.00,66.00,64.00,57.00,77.00,47.00,62.00,56.00,
Kode Item,Nama Item,ASBER 2 (C),BK CIJAMBE ,BK JH1 ,BK JH2 (C),BK5 CIGER ,BK6 ,BK7 ,BK8 BAKSAR ,
001400,V. TRI 7 GB 28HR,19 PCS,11 PCS,19 PCS,19 PCS,9 PCS,12 PCS,13 PCS,10 PCS,
001403,V. TRI 10 GB 3HR,26 PCS,20 PCS,31 PCS,29 PCS,20 PCS,21 PCS,19 PCS,16 PCS,
001404,V. TRI AON 8 GB,14 PCS,14 PCS,18 PCS,20 PCS,16 PCS,15 PCS,7 PCS,15 PCS,
001405,V. TRI AON 12 GB,4 PCS,5 PCS,7 PCS,3 PCS,5 PCS,5 PCS,4 PCS,5 PCS,
TOTAL,63.00,50.00,75.00,71.00,50.00,53.00,43.00,46.00,
Kode Item,Nama Item,BK9 BAKSAR ,BKC ,BUNISARI ,CICUKANG ,CIHAURKUK,CIKADUT 2,CIPADUNG 2 ,CIPAGALO ,
001400,V. TRI 7 GB 28HR,8 PCS,17 PCS,24 PCS,12 PCS,9 PCS,8 PCS,9 PCS,10 PCS,
,,,,,Bee Accounting,,,,,,,,
,13/08/2026,,,,,,,,
Kode Item,Nama Item,BK9 BAKSAR ,BKC ,BUNISARI ,CICUKANG ,CIHAURKUK,CIKADUT 2,CIPADUNG 2 ,CIPAGALO ,
001403,V. TRI 10 GB 3HR,18 PCS,21 PCS,30 PCS,7 PCS,7 PCS,7 PCS,19 PCS,22 PCS,
001404,V. TRI AON 8 GB,13 PCS,8 PCS,15 PCS,15 PCS,9 PCS,9 PCS,10 PCS,13 PCS,
001405,V. TRI AON 12 GB,3 PCS,4 PCS,7 PCS,3 PCS,2 PCS,3 PCS,2 PCS,2 PCS,
TOTAL,42.00,50.00,76.00,37.00,27.00,27.00,40.00,47.00,
Kode Item,Nama Item,CIPOREAT,CISA (C),CK (C),CL 1 ,CL 2 ,CL 3 ,CL 4 ,DM (C),
001400,V. TRI 7 GB 28HR,7 PCS,17 PCS,16 PCS,12 PCS,11 PCS,9 PCS,7 PCS,19 PCS,
001403,V. TRI 10 GB 3HR,13 PCS,16 PCS,18 PCS,18 PCS,18 PCS,14 PCS,21 PCS,32 PCS,
001404,V. TRI AON 8 GB,9 PCS,15 PCS,8 PCS,14 PCS,12 PCS,9 PCS,10 PCS,15 PCS,
001405,V. TRI AON 12 GB,5 PCS,4 PCS,1 PCS,4 PCS,4 PCS,2 PCS,3 PCS,5 PCS,
TOTAL,34.00,52.00,43.00,48.00,45.00,34.00,41.00,71.00,
Kode Item,Nama Item,Gudang,PC 3 (A),PC 4 (C),PC 5 (C),PD 1 (C),PD 2 (C),PD 3 (C),RK (C),
001400,V. TRI 7 GB 28HR,0 PCS,15 PCS,15 PCS,25 PCS,17 PCS,20 PCS,12 PCS,23 PCS,
001403,V. TRI 10 GB 3HR,27 PCS,25 PCS,20 PCS,27 PCS,19 PCS,27 PCS,16 PCS,33 PCS,
001404,V. TRI AON 8 GB,1 PCS,11 PCS,12 PCS,16 PCS,8 PCS,6 PCS,6 PCS,23 PCS,
001405,V. TRI AON 12 GB,0 PCS,1 PCS,5 PCS,4 PCS,4 PCS,1 PCS,5 PCS,4 PCS,
TOTAL,28.00,52.00,52.00,72.00,48.00,54.00,39.00,83.00,
Kode Item,Nama Item,SA (C),SS (C),TOTAL,,,,,,,
001400,V. TRI 7 GB 28HR,22 PCS,18 PCS,620 PCS,,,,,,,
001403,V. TRI 10 GB 3HR,25 PCS,20 PCS,893 PCS,,,,,,,
001404,V. TRI AON 8 GB,13 PCS,17 PCS,530 PCS,,,,,,,
001405,V. TRI AON 12 GB,4 PCS,0 PCS,160 PCS,,,,,,,
TOTAL,64.00,55.00,"2,203.00",,,,,,,
,Merk,Model,,,,,,,,,
,VOUCER TRI HARIAN,< kosong >,,,,,,,,,
Kode Item,Nama Item,ALFA 1 (C),ALFA 2 (C),ALFA 3 (C),ALFA 4 (C),ALFA 5 (C),ALFA 6 (C),ALFA 7 ,ASBER 1 (C),
001394,V. TRI 8 GB 3HR/5gb 3hr (produk lama),0 PCS,0 PCS,0 PCS,0 PCS,0 PCS,0 PCS,0 PCS,0 PCS,
001396,V. TRI 7 GB 2HR,19 PCS,7 PCS,21 PCS,7 PCS,18 PCS,20 PCS,9 PCS,4 PCS,
001397,V. TRI 6 GB 1HR/ 2.5 gb 1hr,12 PCS,12 PCS,6 PCS,14 PCS,12 PCS,20 PCS,17 PCS,0 PCS,
001398,V. TRI 15 GB 7HR/12gb 7hr,24 PCS,13 PCS,12 PCS,9 PCS,9 PCS,13 PCS,5 PCS,7 PCS,
001399,V. TRI 12 GB 5HR/10gb 5hr,19 PCS,24 PCS,24 PCS,14 PCS,33 PCS,21 PCS,11 PCS,23 PCS,
001406,V. TRI 5.5 GB 3HR,42 PCS,28 PCS,6 PCS,28 PCS,34 PCS,26 PCS,21 PCS,32 PCS,
002517,V. TRI 10 GB 5HR/5gb 5hr,28 PCS,26 PCS,18 PCS,24 PCS,27 PCS,29 PCS,22 PCS,24 PCS,
,,,,,Bee Accounting,,,,,,,,
,13/08/2026,,,,,,,,
Kode Item,Nama Item,ALFA 1 (C),ALFA 2 (C),ALFA 3 (C),ALFA 4 (C),ALFA 5 (C),ALFA 6 (C),ALFA 7 ,ASBER 1 (C),
TOTAL,144.00,110.00,87.00,96.00,133.00,129.00,85.00,90.00,
Kode Item,Nama Item,ASBER 2 (C),BK CIJAMBE ,BK JH1 ,BK JH2 (C),BK5 CIGER ,BK6 ,BK7 ,BK8 BAKSAR ,
001394,V. TRI 8 GB 3HR/5gb 3hr (produk lama),0 PCS,0 PCS,0 PCS,0 PCS,0 PCS,0 PCS,0 PCS,0 PCS,
001396,V. TRI 7 GB 2HR,25 PCS,34 PCS,34 PCS,14 PCS,22 PCS,15 PCS,30 PCS,17 PCS,
001397,V. TRI 6 GB 1HR/ 2.5 gb 1hr,7 PCS,28 PCS,35 PCS,28 PCS,29 PCS,18 PCS,17 PCS,31 PCS,
001398,V. TRI 15 GB 7HR/12gb 7hr,19 PCS,18 PCS,14 PCS,19 PCS,16 PCS,13 PCS,18 PCS,12 PCS,
001399,V. TRI 12 GB 5HR/10gb 5hr,16 PCS,17 PCS,20 PCS,28 PCS,8 PCS,15 PCS,13 PCS,13 PCS,
001406,V. TRI 5.5 GB 3HR,23 PCS,27 PCS,29 PCS,33 PCS,24 PCS,25 PCS,27 PCS,14 PCS,
002517,V. TRI 10 GB 5HR/5gb 5hr,29 PCS,20 PCS,35 PCS,28 PCS,22 PCS,18 PCS,30 PCS,20 PCS,
TOTAL,119.00,144.00,167.00,150.00,121.00,104.00,135.00,107.00,
Kode Item,Nama Item,BK9 BAKSAR ,BKC ,BUNISARI ,CICUKANG ,CIHAURKUK,CIKADUT 2,CIPADUNG 2 ,CIPAGALO ,
001394,V. TRI 8 GB 3HR/5gb 3hr (produk lama),0 PCS,0 PCS,0 PCS,0 PCS,0 PCS,0 PCS,0 PCS,0 PCS,
001396,V. TRI 7 GB 2HR,13 PCS,24 PCS,27 PCS,0 PCS,16 PCS,9 PCS,19 PCS,18 PCS,
001397,V. TRI 6 GB 1HR/ 2.5 gb 1hr,14 PCS,18 PCS,21 PCS,30 PCS,28 PCS,15 PCS,10 PCS,15 PCS,
001398,V. TRI 15 GB 7HR/12gb 7hr,16 PCS,6 PCS,30 PCS,12 PCS,15 PCS,15 PCS,12 PCS,20 PCS,
001399,V. TRI 12 GB 5HR/10gb 5hr,11 PCS,16 PCS,25 PCS,19 PCS,11 PCS,12 PCS,15 PCS,12 PCS,
001406,V. TRI 5.5 GB 3HR,19 PCS,28 PCS,37 PCS,10 PCS,17 PCS,18 PCS,19 PCS,17 PCS,
002517,V. TRI 10 GB 5HR/5gb 5hr,16 PCS,24 PCS,37 PCS,12 PCS,16 PCS,8 PCS,14 PCS,16 PCS,
TOTAL,89.00,116.00,177.00,83.00,103.00,77.00,89.00,98.00,
Kode Item,Nama Item,CIPOREAT,CISA (C),CK (C),CL 1 ,CL 2 ,CL 3 ,CL 4 ,DM (C),
001394,V. TRI 8 GB 3HR/5gb 3hr (produk lama),0 PCS,0 PCS,0 PCS,0 PCS,0 PCS,0 PCS,,0 PCS,
001396,V. TRI 7 GB 2HR,13 PCS,28 PCS,14 PCS,20 PCS,15 PCS,14 PCS,16 PCS,38 PCS,
001397,V. TRI 6 GB 1HR/ 2.5 gb 1hr,9 PCS,30 PCS,16 PCS,6 PCS,15 PCS,6 PCS,7 PCS,7 PCS,
001398,V. TRI 15 GB 7HR/12gb 7hr,14 PCS,21 PCS,13 PCS,6 PCS,10 PCS,6 PCS,12 PCS,20 PCS,
001399,V. TRI 12 GB 5HR/10gb 5hr,9 PCS,20 PCS,16 PCS,13 PCS,14 PCS,12 PCS,15 PCS,19 PCS,
001406,V. TRI 5.5 GB 3HR,27 PCS,20 PCS,25 PCS,19 PCS,15 PCS,22 PCS,19 PCS,33 PCS,
002517,V. TRI 10 GB 5HR/5gb 5hr,15 PCS,31 PCS,27 PCS,23 PCS,24 PCS,10 PCS,22 PCS,28 PCS,
TOTAL,87.00,150.00,111.00,87.00,93.00,70.00,91.00,145.00,
Kode Item,Nama Item,Gudang,PC 3 (A),PC 4 (C),PC 5 (C),PD 1 (C),PD 2 (C),PD 3 (C),RK (C),
001394,V. TRI 8 GB 3HR/5gb 3hr (produk lama),0 PCS,0 PCS,0 PCS,0 PCS,0 PCS,0 PCS,0 PCS,0 PCS,
,,,,Bee Accounting,,,,,,,,
,13/08/2026,,,,,,,
Kode Item,Nama Item,Gudang,PC 3 (A),PC 4 (C),PC 5 (C),PD 1 (C),PD 2 (C),PD 3 (C),RK (C),
001396,V. TRI 7 GB 2HR,0 PCS,26 PCS,31 PCS,34 PCS,18 PCS,19 PCS,23 PCS,25 PCS,
001397,V. TRI 6 GB 1HR/ 2.5 gb 1hr,0 PCS,28 PCS,32 PCS,23 PCS,10 PCS,19 PCS,9 PCS,27 PCS,
001398,V. TRI 15 GB 7HR/12gb 7hr,0 PCS,15 PCS,18 PCS,18 PCS,8 PCS,15 PCS,11 PCS,28 PCS,
001399,V. TRI 12 GB 5HR/10gb 5hr,0 PCS,20 PCS,24 PCS,25 PCS,20 PCS,15 PCS,15 PCS,16 PCS,
001406,V. TRI 5.5 GB 3HR,0 PCS,31 PCS,29 PCS,40 PCS,24 PCS,19 PCS,16 PCS,48 PCS,
002517,V. TRI 10 GB 5HR/5gb 5hr,0 PCS,18 PCS,16 PCS,27 PCS,25 PCS,23 PCS,9 PCS,42 PCS,
TOTAL,0.00,138.00,150.00,167.00,105.00,110.00,83.00,186.00,
Kode Item,Nama Item,SA (C),SS (C),TOTAL,,,,,,,
001394,V. TRI 8 GB 3HR/5gb 3hr (produk lama),0 PCS,0 PCS,0 PCS,,,,,,,
001396,V. TRI 7 GB 2HR,20 PCS,26 PCS,802 PCS,,,,,,,
001397,V. TRI 6 GB 1HR/ 2.5 gb 1hr,0 PCS,30 PCS,711 PCS,,,,,,,
001398,V. TRI 15 GB 7HR/12gb 7hr,18 PCS,17 PCS,597 PCS,,,,,,,
001399,V. TRI 12 GB 5HR/10gb 5hr,19 PCS,21 PCS,713 PCS,,,,,,,
001406,V. TRI 5.5 GB 3HR,12 PCS,23 PCS,1006 PCS,,,,,,,
002517,V. TRI 10 GB 5HR/5gb 5hr,21 PCS,25 PCS,929 PCS,,,,,,,
TOTAL,90.00,142.00,"4,758.00",,,,,,,
,Merk,Model,,,,,,,,,
,VOUCER XL,< kosong >,,,,,,,,,
Kode Item,Nama Item,ALFA 1 (C),ALFA 2 (C),ALFA 3 (C),ALFA 4 (C),ALFA 5 (C),ALFA 6 (C),ALFA 7 ,ASBER 1 (C),
001408,V. AXIS KOSONG,0 PCS,0 PCS,0 PCS,0 PCS,0 PCS,0 PCS,0 PCS,0 PCS,
001409,V. XL S 3.5 GB 7HR,3 PCS,2 PCS,11 PCS,6 PCS,10 PCS,12 PCS,0 PCS,3 PCS,
001411,V. XL M 5 GB 7HR,8 PCS,1 PCS,12 PCS,13 PCS,11 PCS,5 PCS,6 PCS,5 PCS,
001412,V. XL KOSONG,,,,,,,,,
001413,V. XL FLEX 16 GB 28HR,1 PCS,4 PCS,2 PCS,2 PCS,3 PCS,5 PCS,5 PCS,2 PCS,
001414,V. XL FLEX M GB 28HR (produk lama),1 PCS,0 PCS,0 PCS,0 PCS,0 PCS,0 PCS,0 PCS,0 PCS,
001415,V. XL FLEX S 7 GB 28HR,5 PCS,2 PCS,8 PCS,10 PCS,6 PCS,11 PCS,10 PCS,12 PCS,
002233,V. XL FLEX MINI 3 GB 1HR,8 PCS,12 PCS,6 PCS,1 PCS,0 PCS,0 PCS,9 PCS,7 PCS,
002412,V. XL FLEX MINI 6 GB 2HR,9 PCS,8 PCS,9 PCS,8 PCS,15 PCS,7 PCS,11 PCS,7 PCS,
002478,V. XL S 2.5 GB 5HR,5 PCS,9 PCS,9 PCS,5 PCS,14 PCS,12 PCS,3 PCS,5 PCS,
002535,V. XL FLEX MINI 4 GB 3HR,16 PCS,14 PCS,1 PCS,13 PCS,21 PCS,15 PCS,1 PCS,14 PCS,
TOTAL,56.00,52.00,58.00,58.00,80.00,67.00,45.00,55.00,
,,,,,Bee Accounting,,,,,,,,
,13/08/2026,,,,,,,,
Kode Item,Nama Item,ASBER 2 (C),BK CIJAMBE ,BK JH1 ,BK JH2 (C),BK5 CIGER ,BK6 ,BK7 ,BK8 BAKSAR ,
001408,V. AXIS KOSONG,0 PCS,0 PCS,0 PCS,0 PCS,0 PCS,0 PCS,0 PCS,0 PCS,
001409,V. XL S 3.5 GB 7HR,8 PCS,12 PCS,7 PCS,7 PCS,11 PCS,4 PCS,10 PCS,11 PCS,
001411,V. XL M 5 GB 7HR,6 PCS,10 PCS,8 PCS,5 PCS,3 PCS,9 PCS,5 PCS,3 PCS,
001412,V. XL KOSONG,,,,,,,,,
001413,V. XL FLEX 16 GB 28HR,1 PCS,5 PCS,4 PCS,1 PCS,4 PCS,0 PCS,0 PCS,4 PCS,
001414,V. XL FLEX M GB 28HR (produk lama),0 PCS,0 PCS,0 PCS,0 PCS,0 PCS,0 PCS,1 PCS,0 PCS,
001415,V. XL FLEX S 7 GB 28HR,6 PCS,14 PCS,10 PCS,8 PCS,5 PCS,5 PCS,8 PCS,8 PCS,
002233,V. XL FLEX MINI 3 GB 1HR,7 PCS,8 PCS,9 PCS,9 PCS,8 PCS,9 PCS,8 PCS,11 PCS,
002412,V. XL FLEX MINI 6 GB 2HR,8 PCS,12 PCS,6 PCS,9 PCS,10 PCS,10 PCS,12 PCS,7 PCS,
002478,V. XL S 2.5 GB 5HR,9 PCS,10 PCS,5 PCS,10 PCS,2 PCS,7 PCS,1 PCS,3 PCS,
002535,V. XL FLEX MINI 4 GB 3HR,13 PCS,11 PCS,3 PCS,16 PCS,12 PCS,11 PCS,13 PCS,10 PCS,
TOTAL,58.00,82.00,52.00,65.00,55.00,55.00,58.00,57.00,
Kode Item,Nama Item,BK9 BAKSAR ,BKC ,BUNISARI ,CICUKANG ,CIHAURKUK,CIKADUT 2,CIPADUNG 2 ,CIPAGALO ,
001408,V. AXIS KOSONG,0 PCS,0 PCS,0 PCS,0 PCS,,0 PCS,0 PCS,0 PCS,
001409,V. XL S 3.5 GB 7HR,7 PCS,11 PCS,10 PCS,6 PCS,7 PCS,4 PCS,0 PCS,4 PCS,
001411,V. XL M 5 GB 7HR,2 PCS,9 PCS,14 PCS,3 PCS,1 PCS,6 PCS,8 PCS,0 PCS,
001412,V. XL KOSONG,,,,,,,,,
001413,V. XL FLEX 16 GB 28HR,4 PCS,3 PCS,7 PCS,0 PCS,3 PCS,2 PCS,3 PCS,3 PCS,
001414,V. XL FLEX M GB 28HR (produk lama),0 PCS,0 PCS,0 PCS,0 PCS,,0 PCS,0 PCS,0 PCS,
001415,V. XL FLEX S 7 GB 28HR,8 PCS,6 PCS,6 PCS,8 PCS,3 PCS,7 PCS,0 PCS,10 PCS,
002233,V. XL FLEX MINI 3 GB 1HR,1 PCS,15 PCS,4 PCS,6 PCS,0 PCS,6 PCS,7 PCS,5 PCS,
002412,V. XL FLEX MINI 6 GB 2HR,8 PCS,13 PCS,13 PCS,8 PCS,2 PCS,7 PCS,8 PCS,9 PCS,
002478,V. XL S 2.5 GB 5HR,6 PCS,11 PCS,17 PCS,9 PCS,0 PCS,5 PCS,7 PCS,6 PCS,
002535,V. XL FLEX MINI 4 GB 3HR,11 PCS,11 PCS,22 PCS,13 PCS,7 PCS,4 PCS,12 PCS,7 PCS,
TOTAL,47.00,79.00,93.00,53.00,23.00,41.00,45.00,44.00,
Kode Item,Nama Item,CIPOREAT,CISA (C),CK (C),CL 1 ,CL 2 ,CL 3 ,CL 4 ,DM (C),
001408,V. AXIS KOSONG,0 PCS,0 PCS,0 PCS,0 PCS,0 PCS,0 PCS,,0 PCS,
001409,V. XL S 3.5 GB 7HR,3 PCS,11 PCS,7 PCS,10 PCS,9 PCS,8 PCS,6 PCS,5 PCS,
001411,V. XL M 5 GB 7HR,4 PCS,5 PCS,7 PCS,6 PCS,8 PCS,4 PCS,4 PCS,5 PCS,
001412,V. XL KOSONG,,,,,,,,0 PCS,
001413,V. XL FLEX 16 GB 28HR,3 PCS,0 PCS,0 PCS,3 PCS,3 PCS,3 PCS,4 PCS,3 PCS,
001414,V. XL FLEX M GB 28HR (produk lama),0 PCS,0 PCS,0 PCS,0 PCS,0 PCS,0 PCS,,0 PCS,
,,,,Bee Accounting,,,,,,,,
,13/08/2026,,,,,,,
Kode Item,Nama Item,CIPOREAT,CISA (C),CK (C),CL 1 ,CL 2 ,CL 3 ,CL 4 ,DM (C),
001415,V. XL FLEX S 7 GB 28HR,8 PCS,1 PCS,0 PCS,7 PCS,7 PCS,10 PCS,5 PCS,3 PCS,
002233,V. XL FLEX MINI 3 GB 1HR,5 PCS,11 PCS,0 PCS,13 PCS,10 PCS,6 PCS,6 PCS,18 PCS,
002412,V. XL FLEX MINI 6 GB 2HR,6 PCS,14 PCS,8 PCS,10 PCS,5 PCS,7 PCS,9 PCS,9 PCS,
002478,V. XL S 2.5 GB 5HR,6 PCS,8 PCS,4 PCS,8 PCS,7 PCS,5 PCS,0 PCS,4 PCS,
002535,V. XL FLEX MINI 4 GB 3HR,8 PCS,10 PCS,10 PCS,12 PCS,9 PCS,8 PCS,13 PCS,17 PCS,
TOTAL,43.00,60.00,36.00,69.00,58.00,51.00,47.00,64.00,
Kode Item,Nama Item,GUDANG ,Gudang,PC 3 (A),PC 4 (C),PC 5 (C),PD 1 (C),PD 2 (C),PD 3 (C),
001408,V. AXIS KOSONG,0 PCS,400 PCS,0 PCS,0 PCS,0 PCS,0 PCS,0 PCS,0 PCS,
001409,V. XL S 3.5 GB 7HR,,0 PCS,5 PCS,6 PCS,1 PCS,3 PCS,2 PCS,8 PCS,
001411,V. XL M 5 GB 7HR,,0 PCS,0 PCS,4 PCS,2 PCS,0 PCS,7 PCS,7 PCS,
001412,V. XL KOSONG,,98 PCS,,,,,,,
001413,V. XL FLEX 16 GB 28HR,,0 PCS,5 PCS,6 PCS,5 PCS,0 PCS,3 PCS,4 PCS,
001414,V. XL FLEX M GB 28HR (produk lama),,0 PCS,0 PCS,0 PCS,0 PCS,0 PCS,0 PCS,0 PCS,
001415,V. XL FLEX S 7 GB 28HR,,0 PCS,4 PCS,8 PCS,0 PCS,1 PCS,4 PCS,8 PCS,
002233,V. XL FLEX MINI 3 GB 1HR,,0 PCS,14 PCS,15 PCS,15 PCS,9 PCS,9 PCS,0 PCS,
002412,V. XL FLEX MINI 6 GB 2HR,,0 PCS,11 PCS,9 PCS,12 PCS,11 PCS,9 PCS,5 PCS,
002478,V. XL S 2.5 GB 5HR,,0 PCS,5 PCS,5 PCS,0 PCS,8 PCS,5 PCS,3 PCS,
002535,V. XL FLEX MINI 4 GB 3HR,,0 PCS,10 PCS,10 PCS,16 PCS,7 PCS,11 PCS,9 PCS,
TOTAL,0.00,498.00,54.00,63.00,51.00,39.00,50.00,44.00,
Kode Item,Nama Item,RK (C),SA (C),SS (C),TOTAL,,,,,,
001408,V. AXIS KOSONG,0 PCS,0 PCS,0 PCS,400 PCS,,,,,,
001409,V. XL S 3.5 GB 7HR,8 PCS,2 PCS,5 PCS,265 PCS,,,,,,
001411,V. XL M 5 GB 7HR,5 PCS,14 PCS,9 PCS,244 PCS,,,,,,
001412,V. XL KOSONG,,,,98 PCS,,,,,,
001413,V. XL FLEX 16 GB 28HR,8 PCS,2 PCS,7 PCS,127 PCS,,,,,,
001414,V. XL FLEX M GB 28HR (produk lama),0 PCS,0 PCS,0 PCS,2 PCS,,,,,,
001415,V. XL FLEX S 7 GB 28HR,14 PCS,10 PCS,5 PCS,271 PCS,,,,,,
002233,V. XL FLEX MINI 3 GB 1HR,13 PCS,10 PCS,13 PCS,323 PCS,,,,,,
002412,V. XL FLEX MINI 6 GB 2HR,15 PCS,8 PCS,6 PCS,370 PCS,,,,,,
002478,V. XL S 2.5 GB 5HR,2 PCS,6 PCS,8 PCS,254 PCS,,,,,,
002535,V. XL FLEX MINI 4 GB 3HR,9 PCS,14 PCS,9 PCS,453 PCS,,,,,,
TOTAL,74.00,66.00,62.00,"2,807.00",,,,,,
,,,,Bee Accounting,,,,,,,,
,13/08/2026,,,,,,,
,,Grand Total   ,Unit 1,"33,213"
,Bee Accounting,,,,,
13/08/2026,,,
